57,186
225,72
91,115
248,245
207,231
248,334
100,269
248,32
106,235
248,100
51,347
328,51
286,337
274,339
85,151
22,292
108,201
114,57
181,124
153,255
226,342
278,269
278,310
278,230
289,257
96,109
238,140
211,100
238,51
60,281
60,w17
60,w9
58,298
132,154
328,336
316,w5
260,184
328,143
286,346
319,265
49,72
236,314
19,330
218,50
277,278
64,111
345,344
121,250
121,93
121,228
10,289
183,245
196,231
85,108
183,178
183,45
102,324
102,52
230,347
230,302
203,230
203,182
258,93
258,152
258,306
196,165
252,226
194,48
203,282
191,263
203,268
203,338
297,172
w14,298
w14,124
95,41
42,240
160,124
135,228
42,72
125,331
135,250
314,47
17,164
209,180
224,21
217,w14
17,135
142,242
224,w16
17,89
230,93
262,37
156,41
9,23
260,347
262,136
336,343
336,124
175,210
100,228
148,72
w16,242
294,74
262,274
329,w16
317,255
262,310
329,302
204,273
2,196
266,172
103,w1
102,152
266,26
113,103
333,w14
43,123
129,43
302,w2
129,45
50,203
211,72
129,340
129,165
327,343
157,104
201,123
130,164
291,173
188,88
286,297
291,65
197,50
291,124
291,286
212,240
102,155
13,343
146,261
146,282
332,37
212,58
212,228
135,346
135,89
101,329
326,196
30,293
206,w15
17,333
286,334
326,101
326,26
w14,w2
286,w14
326,199
76,280
17,271
30,0
258,266
17,310
290,170
22,131
101,320
290,310
262,w11
101,108
101,262
302,w2
224,165
52,200
102,90
321,339
300,85
224,37
300,255
102,136
66,192
108,121
27,329
237,182
248,184
240,50
27,108
243,198
w1,342
w1,335
251,64
120,225
175,13
314,109
175,257
w0,182
268,242
w0,268
199,316
49,195
297,w14
304,70
122,333
192,321
192,295
97,94
w17,33
244,161
42,13
50,26
10,335
244,67
50,242
97,310
w18,269
260,230
158,237
8,165
7,13
279,115
226,118
8,93
279,181
279,8
145,316
1,176
14,90
135,286
241,347
33,142
241,135
241,343
76,100
145,210
42,197
137,w15
131,329
77,43
314,175
188,173
145,103
77,w8
203,268
20,137
332,27
61,25
50,331
201,13
231,106
50,231
332,201
332,346
50,181
332,50
153,237
66,316
150,196
66,98
124,299
150,w5
268,w14
268,124
202,283
207,98
19,33
176,317
268,89
327,266
122,201
202,196
203,58
202,268
21,73
202,203
35,39
291,2
59,135
265,43
208,244
263,342
338,93
263,w11
338,334
215,278
175,164
61,291
217,250
61,167
215,w11
248,175
67,182
67,310
w1,347
213,333
121,152
326,115
55,195
121,172
5,186
187,94
121,w9
50,310
113,13
322,242
121,346
50,297
322,320
121,345
322,50
157,109
149,11
90,173
204,180
148,147
86,w11
215,73
212,310
157,133
215,317
211,86
148,210
150,179
130,w14
284,50
319,251
200,253
319,134
319,346
283,208
47,300
332,w1
283,w19
20,276
331,340
207,251
207,w18
207,331
207,172
210,344
35,132
327,180
320,45
49,333
178,33
207,320
7,49
46,32
207,178
w8,297
238,62
142,w2
27,329
314,151
47,300
132,252
20,338
225,185
61,52
238,240
47,225
61,20
91,249
342,339
295,274
253,226
300,77
w19,13
69,331
42,179
81,244
249,168
300,319
249,338
185,295
69,235
42,269
69,185
253,100
42,249
42,253
247,306
209,225
273,25
23,158
142,343
247,w5
23,332
60,181
265,88
60,211
142,297
279,170
279,289
291,133
58,343
39,51
92,253
332,224
263,165
145,w16
145,338
263,228
332,345
145,332
85,7
225,58
121,135
104,w4
170,274
170,w18
121,w5
155,329
198,w16
29,26
145,343
39,44
52,338
10,193
145,198
179,118
130,340
179,29
149,40
115,287
99,w14
191,349
20,231
25,18
295,267
99,332
295,270
149,182
82,256
60,201
82,13
60,51
149,240
124,299
124,347
304,191
236,109
206,261
169,w19
268,334
162,8
263,111
221,318
206,124
169,263
169,337
169,182
174,333
92,107
w10,234
201,33
293,w11
331,181
299,w9
331,93
299,235
243,242
281,298
81,183
60,243
175,281
244,37
164,203
164,w11
335,w14
164,335
335,340
63,242
211,347
23,247
291,192
215,67
215,152
243,3
291,335
243,118
248,133
63,321
196,201
196,158
218,120
25,11
117,274
92,248
196,295
196,124
196,208
86,182
228,58
228,338
289,5
275,40
295,152
327,92
304,w8
178,w1
262,93
237,333
255,224
213,327
237,335
255,237
255,338
w15,286
249,269
280,263
109,221
174,293
196,112
328,337
8,250
194,97
70,328
85,271
243,88
135,152
249,274
8,243
99,302
3,w17
153,293
305,w2
318,33
219,50
229,234
160,3
133,274
88,270
160,88
133,172
160,133
160,343
96,172
183,160
131,15
252,275
185,286
252,w5
159,261
185,170
318,342
320,182
320,235
185,320
187,112
8,118
105,18
158,287
85,329
64,230
61,40
238,w0
248,186
187,158
192,8
61,w19
82,192
88,242
88,182
289,45
79,25
209,36
97,158
149,293
219,94
149,342
97,123
149,289
149,338
42,72
183,195
243,26
345,89
14,219
183,42
203,345
197,322
197,243
203,45
268,339
197,203
318,w0
43,226
233,322
154,23
163,215
289,258
35,163
318,43
198,278
34,327
280,328
19,322
50,343
130,184
130,142
19,280
271,231
209,227
40,64
173,263
w1,341
145,306
15,198
60,199
289,50
183,289
93,339
60,278
60,133
60,228
w16,93
60,w16
30,60
174,322
189,224
160,170
85,174
230,339
320,299
198,342
213,328
292,13
77,178
313,348
135,58
113,98
329,347
130,w11
w18,276
130,329
130,181
270,w18
130,270
314,264
183,67
213,144
198,268
164,37
174,247
198,152
135,339
198,135
198,182
36,328
207,133
188,49
260,210
82,256
260,242
65,5
188,67
207,64
207,260
188,346
207,175
241,282
220,85
315,348
178,335
149,164
239,21
219,253
178,184
239,122
287,88
178,266
178,282
287,89
178,287
318,59
32,347
99,289
310,w1
264,183
318,172
274,33
253,316
158,310
253,340
47,322
200,170
289,295
190,24
158,26
200,161
142,338
200,158
193,26
76,177
281,74
55,125
28,89
148,111
239,262
76,w16
28,w19
281,287
28,231
103,242
218,134
318,271
330,276
82,305
128,41
200,193
187,164
208,263
270,268
197,154
122,227
109,176
100,333
202,226
289,199
289,43
265,37
202,197
331,235
277,100
265,299
319,2
91,167
114,187
76,253
60,111
305,27
92,65
w5,342
33,w5
172,346
50,344
76,254
229,108
76,200
317,w9
319,20
90,65
156,290
115,332
32,336
282,269
282,w2
119,317
46,237
291,94
175,108
185,231
217,142
185,217
99,227
160,72
175,299
207,198
207,33
268,172
250,343
128,86
289,186
201,135
41,7
262,37
10,201
255,322
w1,181
209,192
47,229
209,152
334,w14
47,133
66,333
76,320
266,93
22,188
129,210
47,225
299,235
193,108
43,266
76,178
193,237
70,184
252,145
329,299
249,177
102,64
332,33
287,118
213,287
319,70
332,172
252,257
249,329
320,331
257,228
261,98
261,240
69,147
249,333
131,198
192,226
279,271
131,329
69,158
191,265
279,191
147,168
63,117
311,266
292,147
99,49
175,106
99,64
249,191
333,152
298,w9
337,235
298,w2
103,337
294,w11
278,135
63,318
36,70
188,254
63,344
336,w18
278,w16
89,336
278,172
20,108
151,205
340,347
93,299
61,305
29,244
w0,w1
29,278
240,21
w0,w2
76,59
96,282
209,178
65,112
318,137
166,329
303,76
65,268
209,133
209,228
65,299
347,235
207,286
130,73
50,135
326,98
97,65
113,347
61,70
99,113
289,130
37,45
99,260
39,112
274,w5
347,339
248,186
314,291
215,65
228,340
228,341
228,269
197,134
169,253
49,108
261,21
197,169
261,88
164,86
217,336
346,w2
177,181
66,160
191,349
202,161
264,271
295,89
221,289
295,w5
239,191
221,247
177,46
230,124
286,282
221,177
221,286
293,224
111,310
320,199
50,266
293,28
172,346
50,89
50,172
293,261
7,111
39,w11
294,282
177,112
14,131
312,166
92,177
39,260
92,39
319,52
279,192
283,319
338,302
119,33
182,340
76,65
179,205
262,112
117,86
237,106
117,122
60,120
349,w19
117,60
42,280
243,228
234,349
243,w5
42,170
36,289
42,182
243,282
89,142
258,123
221,137
324,88
196,122
240,13
221,w15
58,338
273,240
289,258
58,334
271,58
15,42
211,201
257,335
43,255
43,w11
257,268
135,269
302,w2
7,254
244,137
70,295
102,293
94,349
102,206
168,143
165,338
102,165
168,104
331,343
120,88
47,204
229,92
78,13
209,324
43,294
303,229
173,240
221,43
156,114
265,161
183,169
258,235
221,331
265,341
295,21
265,295
258,w8
149,317
204,125
206,89
327,287
120,73
156,w11
213,98
156,258
88,106
322,133
222,217
222,88
222,276
10,330
184,152
145,142
273,321
149,286
329,297
153,261
w11,37
238,18
w10,205
148,162
120,349
316,331
w8,343
254,253
223,115
60,103
147,289
82,191
154,347
157,336
61,258
328,257
157,245
147,70
82,305
147,136
189,174
54,43
255,142
255,51
255,172
255,w2
274,118
140,w16
317,51
264,255
273,167
327,77
264,277
135,w5
274,266
120,93
120,135
27,274
277,112
22,119
107,108
175,40
15,118
277,w15
175,316
22,305
196,271
3,w14
165,74
192,211
297,298
318,174
318,21
186,258
165,297
186,124
297,w1
248,174
80,91
233,195
80,103
23,217
80,297
267,124
23,182
23,267
323,304
160,240
247,177
259,327
335,w14
195,316
45,346
19,122
249,10
191,130
281,w16
92,5
281,8
260,282
245,164
59,295
260,172
333,347
281,333
252,199
114,2
25,60
157,295
64,235
25,123
268,342
280,205
67,286
25,196
25,280
319,w14
251,274
153,108
289,242
319,310
113,198
113,251
297,124
131,137
318,135
140,287
63,122
314,277
315,174
99,299
63,86
118,182
304,140
326,99
63,118
326,321
28,266
318,33
132,244
51,295
42,115
28,135
51,242
28,51
268,337
228,268
7,249
143,170
42,45
248,23
111,73
7,52
143,322
270,335
143,50
184,198
143,121
143,270
190,15
289,73
260,186
195,67
289,43
289,230
195,137
142,342
289,195
29,185
191,130
161,295
191,161
89,339
62,78
264,65
48,305
160,27
207,93
207,w15
160,267
207,262
97,29
293,58
22,91
22,1
299,235
267,268
188,w14
176,w11
140,41
148,39
270,142
243,262
208,184
289,241
93,235
277,347
114,319
55,63
255,278
256,25
256,277
254,219
79,46
69,7
155,221
207,39
202,145
202,69
59,161
240,322
202,20
8,258
326,291
173,26
214,281
214,173
180,343
8,345
224,74
117,235
265,123
8,224
8,302
180,265
39,161
205,287
260,21
120,72
192,177
253,123
186,32
233,205
3,184
w18,26
191,72
3,271
169,250
274,228
169,3
w18,230
274,w18
17,13
15,247
209,8
287,88
256,134
200,287
209,173
209,200
197,118
213,24
197,67
267,337
267,123
169,231
265,226
122,158
202,168
300,w10
192,261
146,253
349,266
329,121
122,322
169,329
169,122
273,254
18,94
99,104
85,250
289,230
18,5
18,w18
18,112
144,1
212,282
238,7
59,107
204,32
20,225
307,211
284,w17
303,162
299,235
252,249
317,255
231,26
w11,93
50,310
204,231
317,268
154,117
w16,w5
54,29
102,239
247,67
189,200
w16,299
189,253
169,294
195,45
317,255
257,322
169,175
257,181
195,241
98,347
289,108
237,294
139,333
61,8
328,43
289,112
158,201
78,158
44,333
239,51
43,347
328,225
44,210
158,45
w1,172
63,77
322,165
322,235
2,322
154,89
154,341
154,28
154,29
122,244
122,43
122,w19
317,122
317,255
332,w5
228,182
228,103
19,328
184,w16
113,199
207,113
207,108
207,267
338,335
145,338
w18,340
w18,269
w18,181
332,w18
332,185
158,322
106,341
231,106
231,347
89,235
183,160
348,183
140,24
338,335
265,338
265,111
265,125
265,242
265,321
265,282
265,199
286,w14
286,345
286,341
286,152
286,331
200,299
200,282
200,306
200,298
200,123
200,137
200,88
200,251
200,43
200,336
200,186
200,258
w0,297
w0,276
w0,182
w0,106
w0,w18
w0,343
231,106
211,270
172,w14
103,172
103,269
40,w8
40,46
40,137
326,73
326,318
326,93
326,7
326,w9
326,162
326,197
326,208
326,251
37,228
37,339
37,337
250,235
297,w1
57,290
238,57
125,258
278,337
124,235
299,235
331,343
w2,w9
45,w2
328,45
149,20
149,257
149,262
228,270
207,228
207,133
241,135
349,136
268,142
207,268
207,277
207,51
99,250
99,101
99,346
99,234
99,294
99,5
99,335
44,287
44,322
44,26
44,198
44,133
44,338
44,337
44,11
44,21
44,33
11,231
11,170
45,337
281,170
302,w2
26,302
347,235
262,237
268,93
268,336
w18,302
77,27
77,46
77,318
77,235
234,184
328,267
328,191
328,13
233,328
233,250
233,142
263,335
129,185
129,67
129,270
129,58
129,184
129,136
334,342
169,347
130,336
130,267
130,106
231,142
231,299
231,135
228,93
268,103
268,347
268,26
249,260
249,67
249,339
249,320
249,196
249,8
249,w5
249,257
249,29
182,235
108,321
67,86
67,w16
89,172
320,278
320,217
281,336
265,13
120,230
120,74
120,17
204,120
192,247
192,318
211,322
211,w17
211,181
211,130
211,w9
211,193
222,211
222,43
306,298
252,306
252,248
252,111
252,w11
252,282
267,152
270,346
270,172
201,335
26,w2
203,26
212,346
95,280
94,45
94,60
286,182
286,172
258,286
258,88
258,86
258,123
258,331
162,277
199,310
169,199
330,w1
329,37
329,339
76,184
76,340
80,342
80,290
117,211
117,108
279,270
213,154
188,144
188,349
188,42
89,142
342,339
286,235
130,269
130,136
130,165
125,130
151,98
154,21
154,319
154,174
328,74
328,88
328,w19
328,226
37,299
37,106
37,335
37,182
329,w18
329,w14
329,37
329,346
294,184
20,294
210,336
51,344
51,198
51,111
51,164
51,203
324,51
324,15
97,276
97,146
267,334
151,w9
151,17
139,90
139,28
139,240
184,258
49,184
49,275
289,106
289,w9
289,w0
319,289
319,39
319,182
319,297
260,118
260,161
260,262
260,111
260,266
260,112
240,230
240,40
240,244
195,316
162,241
217,242
217,w18
217,345
45,103
174,45
174,w5
174,228
174,125
174,93
174,205
90,174
90,302
90,245
90,5
90,203
90,222
90,128
90,180
w16,337
w16,336
169,58
169,145
169,282
169,349
169,339
169,241
169,340
169,3
169,240
169,152
169,137
169,175
169,250
169,50
100,w14
332,17
169,w1
172,w2
125,124
125,342
125,133
125,w14
125,337
125,336
125,266
125,228
w8,334
140,213
140,151
140,234
140,70
140,333
140,2
74,340
118,74
43,333
279,43
279,40
279,192
279,343
279,335
199,w18
100,241
270,235
340,298
234,23
234,199
265,w2
265,201
265,228
w1,w14
27,w1
207,161
207,254
207,240
207,221
207,3
207,178
207,191
207,65
207,118
334,172
334,347
122,161
122,182
122,8
297,337
172,w9
43,316
142,235
w8,268
338,335
338,93
338,341
338,26
192,w4
207,74
207,160
207,298
230,341
230,347
230,w14
317,230
317,72
317,201
317,135
172,w9
172,235
300,112
300,172
306,w11
306,w9
337,341
268,182
270,268
266,181
290,242
337,269
212,269
287,135
166,218
166,168
306,89
306,152
198,344
211,198
211,335
211,266
266,w2
165,w8
282,335
w18,269
w18,340
w18,235
218,w4
252,99
252,133
286,338
286,336
286,299
286,182
286,342
64,17
50,142
262,50
262,242
w8,89
w8,231
w8,172
176,w11
176,198
176,129
176,152
176,282
176,234
289,w5
289,124
289,193
289,260
289,52
289,51
289,274
289,317
349,217
121,299
331,269
29,45
186,286
101,186
37,106
103,26
w15,w18
125,26
125,321
125,338
125,329
125,286
64,72
266,331
342,w14
297,242
15,175
40,27
40,113
121,269
217,235
326,336
326,280
111,w16
334,347
322,123
322,231
322,32
328,322
328,w9
328,278
328,181
328,240
328,235
328,134
289,11
289,334
w17,133
250,172
250,344
250,282
250,124
86,32
158,26
212,158
212,240
212,320
274,266
106,339
207,181
207,332
207,258
207,8
207,330
207,208
298,302
20,w16
20,333
302,w9
263,w16
318,263
318,107
125,298
60,302
60,98
w8,282
250,172
250,338
250,298
45,282
32,45
135,w1
135,74
135,344
135,w14
200,161
250,w18
250,93
233,250
233,26
302,w9
230,302
w0,230
331,230
331,124
331,181
331,302
331,w2
233,45
328,271
317,52
201,335
200,201
200,337
208,200
113,186
133,299
248,133
129,w2
129,267
129,118
129,199
26,298
8,335
317,8
226,152
148,226
106,w14
106,342
106,w1
289,193
241,266
235,w2
103,235
277,191
277,118
277,244
277,224
277,225
277,185
277,320
277,74
277,271
26,w2
88,26
88,w16
88,346
88,33
88,w5
236,77
236,170
233,248
233,205
233,179
233,142
233,341
233,244
233,37
233,200
233,281
233,260
233,237
233,261
233,29
233,316
233,111
233,19
233,101
217,45
217,268
338,335
329,338
329,302
203,45
201,342
201,339
195,201
195,88
195,345
195,271
195,112
195,118
195,316
59,299
59,158
59,182
40,344
40,295
40,w19
40,136
40,121
29,60
217,w18
w4,251
w4,271
239,167
239,57
46,241
46,58
46,225
46,33
266,282
281,266
281,316
281,235
281,265
281,260
142,334
142,w2
118,142
118,343
11,226
11,265
11,255
11,321
11,320
11,200
11,170
11,118
11,271
11,310
169,219
337,340
337,298
345,337
302,339
208,184
233,208
265,118
265,344
265,201
215,265
215,26
215,77
215,20
253,137
230,340
183,161
183,149
14,183
120,346
120,170
120,200
13,340
192,343
99,345
99,226
99,186
303,262
303,226
303,17
303,164
303,24
303,150
303,168
303,241
303,260
303,310
303,214
303,215
303,251
303,335
303,169
303,142
303,91
303,211
303,188
303,177
303,222
303,284
303,253
231,302
231,172
287,231
263,258
w14,302
249,w19
321,344
224,321
224,170
205,224
205,227
205,51
280,205
310,242
60,172
274,182
345,336
64,340
286,w18
286,172
w15,w14
184,93
w18,172
122,337
122,72
122,231
122,336
122,43
320,344
320,182
172,302
192,175
192,w0
192,60
192,129
322,21
w14,346
297,w14
182,297
210,344
322,210
322,w19
289,322
289,w9
133,w2
133,89
133,w5
133,w14
133,334
133,136
344,282
286,344
142,93
167,w11
342,w14
142,342
142,w2
w17,186
w17,45
328,295
337,339
337,340
101,136
101,w4
101,27
227,217
227,199
278,w2
337,w14
214,150
290,184
290,275
290,243
290,332
290,103
86,339
86,342
86,121
86,266
334,298
321,334
321,320
321,w11
11,321
11,295
125,228
125,130
125,32
125,342
125,186
125,235
w19,335
172,339
340,172
175,340
175,w2
175,275
289,w1
289,186
289,287
289,338
207,340
207,191
207,w2
207,152
207,122
207,329
207,w11
207,203
207,227
274,298
3,274
3,255
36,310
340,269
143,286
224,310
224,217
224,26
224,124
276,337
74,298
235,15
207,47
130,327
43,61
231,192
334,184
269,9
32,209
290,194
106,185
100,159
198,213
32,91
106,225
235,57
43,290
198,130
100,207
235,198
106,43
106,248
137,85
137,284
33,137
33,17
33,219
33,18
33,39
33,253
347,33
347,131
347,96
51,76
51,223
51,263
337,328
337,151
286,w8
286,188
286,63
339,286
339,183
339,150
339,251
274,244
274,191
274,170
274,94
203,227
80,218
231,193
295,w10
150,238
115,213
226,39
242,60
255,48
342,113
153,248
181,242
226,150
231,115
203,22
295,114
342,80
108,85
181,153
231,295
226,108
342,203
181,231
181,226
269,158
269,95
269,220
269,32
269,14
278,1
278,159
278,162
278,77
278,97
278,222
278,11
278,318
278,244
278,33
278,73
278,143
278,105
334,278
334,43
334,221
334,247
334,67
334,267
334,336
334,66
334,225
334,277
170,218
211,209
100,90
281,236
181,197
51,204
w9,332
w17,128
58,231
298,330
201,348
60,56
98,256
298,98
201,289
58,170
w9,181
w17,96
w9,211
298,201
58,238
58,60
299,206
299,314
299,104
299,307
299,w15
299,136
299,29
299,252
299,195
299,336
299,w14
299,161
299,101
299,276
299,114
299,253
299,155
299,132
299,92
299,13
299,137
299,320
299,25
299,277
299,295
299,228
299,315
299,312
299,237
299,72
299,269
346,345
340,145
286,173
228,135
260,101
337,29
144,223
184,23
25,47
1,256
143,163
289,117
72,14
340,289
346,132
228,72
337,25
286,316
1,144
286,260
346,328
340,337
228,1
346,340
286,228
w8,153
w8,321
w8,209
341,w8
341,100
341,49
341,210
341,133
341,w10
341,w2
341,306
341,284
341,61
341,131
341,140
341,237
341,239
341,268
341,334
341,152
341,79
341,211
341,194
341,275
341,244
341,217
341,62
341,187
341,190
341,118
341,3
345,321
64,289
2,141
w1,15
8,279
344,140
111,162
205,254
w4,97
5,47
205,2
8,w4
5,319
345,49
111,236
w1,277
344,19
64,218
345,205
344,8
w1,5
w1,64
w1,345
121,57
121,85
121,42
121,56
121,125
121,316
121,82
121,114
121,159
121,69
121,196
121,7
121,96
121,317
331,121
331,208
331,306
331,w17
331,195
302,331
302,152
302,230
302,273
302,w19
302,174
302,154
302,284
302,268
265,213
191,95
18,300
45,17
344,47
172,13
211,140
178,156
283,38
217,311
169,326
201,260
45,18
183,283
172,344
217,196
265,10
201,169
211,85
178,191
172,217
45,265
201,211
172,201
172,183
102,264
102,48
347,102
230,318
230,199
230,327
203,154
203,65
203,256
203,312
93,203
258,280
258,36
258,175
258,205
258,67
58,258
58,34
58,192
58,161
58,80
58,109
263,173
338,175
186,180
w9,151
103,160
191,42
320,128
270,324
268,23
47,220
167,0
199,243
186,252
270,194
w9,47
338,199
103,320
196,167
338,191
203,196
270,186
w9,103
w9,270
w9,203
72,92
172,72
172,239
297,32
297,40
297,152
297,80
297,13
297,192
297,w19
297,73
297,54
297,344
297,149
297,29
297,145
297,77
298,297
298,211
w14,168
w14,257
w14,56
w14,148
w14,206
w14,183
w14,122
w14,189
w14,332
195,65
274,104
124,102
201,107
331,248
125,189
250,186
135,22
193,25
72,109
228,80
251,307
276,w0
160,105
195,251
331,193
250,201
276,274
125,95
276,160
250,42
135,195
276,125
276,135
108,264
142,w19
w16,w0
230,292
175,259
89,213
44,141
196,128
135,197
242,101
93,41
217,44
89,209
230,196
93,108
w16,314
224,175
230,142
93,217
230,224
93,17
343,322
224,35
155,214
330,264
131,311
124,164
w1,107
329,w4
297,154
57,82
336,233
136,192
343,9
124,224
336,260
155,156
297,57
w1,329
330,131
124,155
w1,262
297,330
w1,297
w1,336
334,295
231,81
211,313
90,311
282,293
228,283
73,259
100,144
89,212
267,195
209,63
104,180
319,82
45,194
237,1
45,104
89,319
334,73
231,90
267,175
282,237
211,209
267,211
282,231
334,100
89,45
334,282
89,267
334,89
262,324
310,226
294,79
274,8
74,281
273,323
97,34
98,240
92,194
329,143
317,176
302,26
43,23
255,146
317,273
w16,43
329,92
255,97
302,98
310,148
302,294
302,262
329,317
w1,316
132,218
182,306
184,140
102,55
152,37
255,305
118,63
266,29
172,49
26,153
103,107
151,48
113,264
118,151
184,204
113,2
26,182
255,132
184,255
113,102
103,118
266,184
266,113
277,264
129,117
331,252
123,195
w14,119
43,265
78,279
w2,326
319,291
67,85
333,150
188,0
253,47
302,186
76,202
130,191
w2,188
67,78
253,277
129,319
302,76
331,130
302,331
333,67
w2,253
302,333
w2,129
169,236
133,65
270,139
130,34
51,279
330,69
340,218
92,132
268,59
319,0
277,w10
165,247
185,22
169,92
50,319
330,277
270,185
165,133
268,130
51,211
270,51
50,169
268,330
270,129
268,50
268,270
297,35
329,349
226,48
25,139
124,96
65,150
174,323
50,72
197,42
286,41
329,157
124,201
174,25
226,327
130,188
286,174
124,226
291,197
329,130
286,329
86,78
282,256
58,270
37,326
135,348
175,131
346,161
66,159
2,147
332,9
228,57
89,313
135,175
2,66
89,86
346,13
228,102
89,146
332,2
332,212
135,332
169,146
183,148
199,252
334,67
26,94
w14,105
289,194
w2,332
17,260
333,52
286,39
125,180
w14,289
w2,206
125,169
26,183
199,30
199,17
286,125
286,326
95,114
258,66
186,44
201,46
172,210
310,226
w1,333
155,239
266,214
143,113
337,291
58,139
w15,131
337,w15
58,30
155,95
172,201
w1,143
186,76
337,186
172,58
w1,258
17,155
172,337
w1,17
172,w1
262,81
240,221
320,18
219,229
19,323
310,112
101,107
w2,207
327,236
302,214
w0,266
108,168
153,65
w11,330
w11,19
108,219
240,327
w2,w0
302,22
262,153
302,240
w2,290
302,101
197,34
255,41
298,148
207,62
349,248
181,83
37,157
315,163
86,144
335,0
136,66
181,349
321,197
207,315
86,52
298,335
86,102
298,321
224,300
181,207
86,224
298,181
298,86
324,140
243,305
287,273
342,56
240,34
335,213
293,105
77,252
w1,283
50,61
198,112
342,248
287,237
w1,293
335,66
77,324
335,287
243,240
342,27
w1,77
335,243
242,164
86,119
50,122
77,284
w17,193
182,96
338,134
w0,90
281,144
257,38
150,34
268,328
242,150
86,314
50,77
338,w17
268,120
251,281
242,338
86,251
268,175
w0,50
w0,86
346,264
37,62
20,117
118,318
205,96
253,54
107,187
295,7
32,211
w1,213
32,107
297,304
346,49
199,253
118,122
37,20
w1,205
37,192
297,199
w1,32
346,118
w1,37
346,297
346,w1
259,348
310,292
302,115
67,69
78,189
242,48
205,207
335,201
224,70
10,1
231,17
97,259
302,42
50,205
310,78
231,224
242,w17
302,244
231,10
302,50
231,97
302,231
46,256
226,180
118,209
181,48
115,218
322,262
129,55
279,166
93,159
89,w10
160,14
8,160
181,7
w18,260
118,322
93,158
89,46
226,129
w18,89
w18,226
w18,279
241,129
328,70
136,18
74,333
142,264
326,47
33,240
44,24
100,40
347,186
343,134
88,260
33,100
74,326
135,1
136,44
343,145
142,88
328,14
343,74
135,328
241,136
343,33
267,54
268,69
103,w19
17,236
299,346
w8,165
20,220
203,155
17,188
299,42
76,131
267,314
20,76
145,77
203,17
299,267
20,145
299,203
299,20
231,311
125,34
181,144
289,157
345,267
42,259
124,166
106,79
346,264
13,225
278,227
146,62
201,139
346,345
50,125
124,278
146,61
332,42
181,289
181,146
346,124
329,157
268,290
187,202
w14,52
w16,156
88,149
299,15
86,259
w5,49
98,81
196,180
150,105
253,48
124,211
w14,329
268,86
w16,187
253,153
w5,88
124,66
268,w16
w14,253
124,150
58,5
201,314
203,52
21,47
122,208
w16,29
182,40
73,56
192,105
196,76
w16,327
268,207
73,19
21,192
182,176
182,w16
203,122
182,21
182,202
338,321
130,108
92,85
342,112
263,277
206,82
333,215
10,156
w11,7
93,245
334,222
333,206
93,130
334,291
w11,10
208,35
338,92
265,59
333,208
334,265
333,263
338,333
253,289
346,81
310,141
130,49
67,60
248,97
182,83
243,225
209,140
115,105
w11,307
167,156
243,115
346,253
310,130
217,209
346,215
217,243
248,61
346,217
67,248
346,67
5,122
111,156
186,315
206,189
94,221
196,214
208,149
w2,316
187,24
w9,170
172,324
208,206
196,326
213,55
w9,111
w2,w1
208,213
w9,w2
121,196
5,187
w9,5
121,208
316,206
186,179
345,304
320,162
322,313
5,11
174,144
121,86
242,28
346,64
297,193
29,48
305,25
224,82
186,29
224,5
320,174
316,305
345,113
50,186
121,224
345,316
121,322
w9,105
133,35
317,236
211,240
230,229
210,92
235,170
270,287
149,204
230,270
w9,212
235,90
235,215
230,211
w9,148
149,157
w9,235
230,149
w9,230
143,223
239,156
200,160
281,42
344,148
253,43
120,114
199,183
134,2
167,303
346,51
203,123
344,120
203,167
130,143
319,284
346,150
199,281
134,239
344,199
130,200
346,203
344,130
344,319
172,115
207,102
276,343
197,273
340,105
w19,35
w1,91
332,183
13,139
w18,267
251,15
297,129
20,209
331,284
w18,13
172,297
197,47
172,332
197,283
331,20
172,197
w8,144
207,183
7,0
65,218
297,122
46,196
271,184
w1,330
5,156
32,185
271,35
w8,210
w1,65
297,327
178,5
w1,46
w8,271
297,7
w1,207
w1,w8
342,136
175,15
240,221
249,223
331,67
339,46
91,202
331,27
339,132
342,314
142,175
339,238
91,61
331,47
342,142
339,331
342,91
185,328
154,202
235,38
338,270
319,0
175,62
269,26
100,115
42,81
100,175
253,154
269,w19
249,300
253,69
181,w19
61,34
265,219
332,305
142,22
297,318
w5,92
176,105
211,139
88,44
60,323
343,46
297,61
176,273
211,209
247,176
265,23
265,60
142,247
142,265
74,318
291,147
341,328
133,78
297,267
w18,167
347,239
228,72
289,76
58,251
145,307
305,105
244,62
234,140
343,249
297,w18
343,234
74,228
347,244
341,305
58,145
297,291
74,279
341,347
341,74
297,58
341,297
263,79
w0,186
145,97
345,120
228,292
19,83
332,34
338,208
266,180
165,155
224,196
184,154
w16,131
42,304
228,42
184,19
w0,266
338,92
345,39
w0,184
w0,263
w0,145
w4,115
201,80
w18,179
49,163
170,207
162,78
107,245
302,224
w5,314
136,102
274,9
104,264
237,140
w18,107
136,49
302,237
w5,85
121,225
201,162
302,201
w5,104
121,136
302,170
302,121
w19,43
179,35
130,167
299,280
45,76
340,114
118,236
229,9
322,218
299,w19
45,229
130,52
340,322
29,39
10,155
299,10
45,145
130,179
299,45
299,130
345,316
295,76
w4,222
27,131
332,35
154,157
326,307
267,253
270,213
182,95
20,115
270,191
182,25
149,326
345,154
27,w4
345,27
20,99
295,149
345,20
345,295
51,214
182,238
125,252
149,70
247,233
13,159
240,313
340,268
299,135
162,221
124,189
347,23
280,311
27,303
27,280
299,247
182,162
124,125
347,340
299,60
124,182
347,27
149,82
347,149
310,70
94,315
182,18
219,23
146,323
43,326
124,251
337,7
310,162
337,43
263,221
304,236
169,146
268,94
182,219
268,310
337,206
182,304
182,268
235,123
299,w4
w15,22
344,52
181,29
w11,40
w9,307
93,25
293,348
331,322
248,188
186,61
181,344
w15,w10
299,174
331,186
93,201
w9,248
235,92
93,293
235,w15
299,331
98,196
60,78
203,260
335,9
164,245
244,107
175,42
w14,146
89,47
123,34
115,61
37,259
w11,131
123,81
w11,115
335,89
w14,98
335,244
w14,123
60,175
164,60
3,14
305,157
172,69
286,292
11,139
152,52
316,9
276,261
118,29
243,60
276,63
118,23
316,11
291,305
172,286
335,211
316,215
172,276
243,291
172,316
172,243
111,283
208,317
218,159
274,236
295,22
124,212
25,284
11,w10
120,82
158,318
117,66
104,247
92,348
124,111
295,63
208,104
208,92
25,218
124,117
208,25
86,348
198,w10
43,147
319,69
32,1
228,136
w2,199
3,134
58,195
175,284
w9,269
182,25
338,139
186,314
169,292
165,107
w2,175
338,43
228,165
198,169
32,3
w9,186
58,319
w9,198
w2,32
338,86
w9,w2
w9,228
121,279
265,24
8,35
152,w10
13,314
346,329
49,25
93,148
158,174
67,140
66,307
295,220
104,47
37,256
346,289
37,8
121,275
93,67
152,104
295,49
13,265
158,66
93,158
37,121
346,13
346,93
37,295
346,37
w15,179
213,348
173,77
335,55
289,187
39,25
224,264
255,176
338,43
149,23
286,32
178,289
286,149
w15,262
173,304
338,39
338,213
w15,173
286,178
w15,255
135,46
271,220
152,76
70,105
274,61
243,65
88,222
85,35
8,280
196,109
249,194
274,174
135,70
243,196
8,85
135,249
135,8
133,137
88,140
270,80
274,281
160,78
215,312
w4,207
343,193
172,223
172,305
w4,153
343,318
99,215
219,229
219,99
343,w4
343,219
149,304
320,196
235,174
w5,47
182,86
318,176
342,326
74,291
261,279
159,79
170,49
182,74
235,149
320,183
131,96
185,318
235,131
252,159
185,252
192,202
39,157
w19,83
182,62
242,178
88,27
82,163
242,39
88,248
85,238
182,64
82,105
182,85
88,61
242,187
182,82
338,72
219,81
161,24
77,61
342,188
w0,324
286,113
262,85
320,9
123,283
94,168
289,79
338,320
342,w0
123,262
97,77
149,209
286,161
338,286
289,219
338,97
213,311
339,199
289,163
101,348
203,192
322,41
268,233
45,15
1,259
197,144
161,260
339,161
101,289
45,14
268,213
243,1
339,101
268,183
268,197
338,61
185,95
198,141
342,8
213,238
266,140
258,66
120,49
35,105
278,187
289,229
338,233
342,154
120,213
266,185
342,289
266,120
338,35
198,318
266,198
342,338
342,266
19,147
322,313
330,97
343,28
225,104
332,155
50,94
w9,303
184,109
271,196
231,223
142,156
237,189
130,42
271,237
231,225
w9,330
142,332
280,34
w9,50
271,130
w9,19
w9,271
145,140
37,27
94,39
88,249
324,81
19,115
w2,132
306,139
208,222
w1,111
332,91
77,307
341,188
w2,173
88,324
332,208
37,94
19,209
40,77
332,145
w1,88
37,40
w2,19
w2,37
w1,332
w2,w1
135,191
278,33
228,56
183,41
133,92
24,156
93,91
316,134
184,101
182,265
w16,59
339,293
65,323
w16,316
135,184
228,24
133,15
182,65
93,182
w16,183
228,135
320,145
230,115
119,238
170,244
89,w5
349,233
332,28
160,132
58,168
317,38
339,140
85,56
299,252
320,189
58,317
299,119
339,332
89,349
230,30
299,58
339,85
320,160
230,89
230,320
318,238
w19,54
90,156
17,304
250,306
43,91
299,192
150,259
182,199
217,36
283,264
93,254
146,245
182,w19
299,150
146,213
93,292
217,283
198,90
250,43
17,318
299,17
93,217
250,146
182,198
299,250
93,182
299,93
108,90
276,289
w18,112
98,134
181,164
347,184
113,20
w11,123
130,305
316,96
145,78
270,237
329,55
77,313
135,316
181,145
270,108
181,77
270,135
w18,113
135,43
206,99
198,20
182,177
247,38
17,327
164,290
152,18
37,251
339,306
268,154
174,78
217,323
182,217
135,314
339,213
206,183
152,17
164,174
182,206
182,164
65,55
183,139
342,221
64,259
175,96
231,253
5,261
67,187
20,105
346,136
242,305
231,36
342,20
346,183
175,82
175,65
342,231
342,188
342,207
339,65
w0,251
69,264
181,5
108,157
237,35
240,196
32,224
187,55
322,22
203,44
341,20
167,312
167,187
w0,220
339,203
341,181
241,108
32,322
240,69
237,315
w0,32
237,240
241,167
341,339
w0,241
341,237
341,w0
192,55
89,81
28,139
67,290
287,119
88,3
282,w17
122,284
184,176
266,147
188,213
322,120
322,149
89,28
266,192
282,188
88,67
287,219
282,239
89,322
321,313
45,326
122,259
76,34
158,156
316,225
274,128
172,198
253,144
33,163
340,207
340,76
158,99
316,321
45,32
253,122
310,264
45,274
340,318
45,158
45,253
161,157
26,153
275,169
290,54
208,114
227,29
46,90
142,82
w1,113
338,147
158,39
106,189
338,275
290,190
46,289
w1,106
208,47
142,227
158,46
200,290
w1,208
w1,142
w1,200
330,114
270,44
5,213
w19,134
242,59
103,40
w16,307
231,176
287,326
242,330
231,5
270,193
287,55
281,148
103,239
242,270
103,76
242,28
103,281
93,226
268,245
321,w19
270,227
187,163
w1,292
133,156
164,176
263,283
208,65
93,128
330,133
318,82
200,218
w1,321
w1,208
93,200
270,318
330,187
93,w1
270,330
93,270
277,163
265,65
43,78
299,264
254,35
37,231
137,w17
331,118
267,218
235,47
277,254
100,109
299,122
331,267
235,137
299,289
265,202
299,331
265,277
33,5
w11,168
346,229
182,51
282,79
w5,251
239,54
172,200
342,221
w5,114
172,182
346,91
342,282
60,92
319,239
33,76
w11,305
346,w11
33,60
172,319
172,33
338,282
253,69
279,236
20,90
317,56
255,159
52,264
336,111
101,2
45,125
w9,261
200,314
319,139
45,101
338,255
50,52
336,229
253,279
45,50
253,76
338,317
336,319
338,45
336,253
338,336
178,1
182,212
283,304
184,220
340,41
336,157
269,132
w2,104
32,82
172,155
201,173
282,236
254,0
282,184
182,178
340,115
269,283
172,254
201,156
w2,90
w2,182
172,32
340,201
172,340
172,282
211,115
142,65
90,300
203,104
0,323
50,180
185,47
256,327
231,349
334,182
289,166
217,314
175,256
46,289
90,0
211,291
50,119
334,203
334,175
211,46
50,90
50,211
334,185
334,50
33,254
268,77
250,247
172,111
62,209
343,95
178,233
107,48
262,91
274,80
43,132
w10,236
250,43
172,62
107,99
268,w10
343,274
175,160
178,262
175,207
250,107
343,178
268,175
268,250
153,59
282,237
29,47
w18,162
322,46
w1,0
181,273
10,9
343,238
260,245
255,19
w18,41
153,128
181,343
262,289
w1,282
260,29
181,10
255,153
w18,262
w1,260
w1,w18
181,255
251,326
298,90
33,123
152,215
133,128
67,55
50,10
334,15
262,315
w14,258
89,94
43,35
182,206
60,159
33,251
50,67
298,182
262,43
89,60
334,89
33,209
298,47
50,262
298,334
50,33
298,50
178,60
43,315
108,194
w11,326
237,179
235,258
21,137
299,203
193,2
306,274
237,129
306,47
21,22
w11,66
43,76
299,w11
306,21
306,193
299,43
299,306
213,114
319,24
257,174
320,154
298,342
172,77
48,311
268,156
331,303
298,268
331,48
320,102
298,252
319,213
332,249
298,332
320,319
298,320
230,204
123,160
111,79
26,142
260,252
240,221
93,251
286,327
14,303
21,319
25,38
344,164
w17,277
72,156
93,111
w17,260
344,286
21,72
26,25
230,257
123,14
26,w17
230,21
123,261
93,344
230,123
93,26
93,230
271,132
329,114
158,w4
265,304
191,25
302,w10
338,306
279,303
233,312
243,253
214,213
w2,251
w2,243
302,233
192,214
338,249
131,69
302,338
w2,192
302,279
w2,131
w2,302
175,36
292,304
112,161
282,320
228,1
49,157
177,252
99,204
341,345
64,234
106,100
331,217
224,151
331,63
341,224
64,311
228,112
282,177
341,331
282,292
228,175
341,99
282,228
341,282
298,261
235,340
294,236
337,240
197,w10
154,42
w2,134
333,51
278,15
76,30
w9,17
8,77
275,305
103,w17
152,258
235,76
294,275
103,154
w2,249
337,8
298,278
w9,197
103,333
w2,294
298,103
344,w0
185,38
113,78
89,286
336,108
w18,44
8,35
15,48
w16,303
172,238
10,119
172,113
8,15
185,36
278,10
89,294
w16,188
172,8
336,63
89,185
89,278
93,13
149,2
172,230
345,277
347,156
278,191
299,330
10,190
250,22
340,321
227,168
129,194
56,38
91,62
278,227
149,56
340,91
299,172
250,10
347,129
345,20
93,151
93,250
345,278
299,149
299,345
93,340
15,163
28,220
118,206
129,213
21,128
67,303
197,284
240,248
11,261
w2,321
268,47
269,331
278,153
w2,197
269,15
129,61
w0,11
268,118
67,28
269,129
67,29
268,240
269,268
w0,67
269,w0
133,205
210,25
228,208
329,35
303,0
w0,44
268,201
299,61
338,82
346,173
166,323
299,338
228,318
346,210
w0,96
346,166
65,303
299,w0
346,209
346,65
130,25
145,47
261,153
73,175
286,24
140,35
237,236
50,65
w1,104
207,166
320,161
w16,314
224,327
135,176
240,220
347,140
w16,237
50,224
w1,240
135,145
320,261
w1,w16
347,130
50,320
135,207
347,w1
347,50
289,9
130,82
213,34
253,24
225,80
269,316
45,67
99,0
100,303
121,277
37,202
260,w4
260,253
97,213
121,326
100,225
269,61
121,97
269,100
37,289
269,99
37,121
269,37
274,43
224,277
187,156
260,191
347,125
10,35
2,180
235,9
241,327
250,206
w5,174
339,305
278,312
165,256
255,283
235,250
260,187
224,255
241,165
339,10
347,2
278,39
235,241
274,260
278,224
278,274
235,347
235,278
5,114
228,199
340,280
310,198
342,43
146,221
341,297
83,312
200,134
172,193
269,218
244,55
73,180
248,83
5,200
172,244
146,314
269,310
73,215
341,342
341,146
269,5
172,73
228,248
269,172
336,156
217,239
164,183
88,244
145,157
w2,283
346,23
74,18
284,238
124,173
86,43
342,307
145,49
217,284
346,342
336,74
w2,124
346,145
w2,261
164,197
w2,164
346,217
247,213
124,322
46,79
282,131
w5,125
286,59
239,312
188,256
230,229
66,202
188,264
230,66
295,239
286,188
230,295
230,221
172,11
346,148
335,201
266,151
281,236
3,119
36,307
28,179
206,194
89,52
50,318
99,66
297,348
172,335
89,99
111,281
206,36
346,3
297,320
172,206
89,111
50,293
346,297
320,280
260,15
143,66
89,321
337,328
92,313
346,44
122,114
334,144
122,7
346,143
14,312
334,293
337,320
89,294
346,89
334,14
337,122
334,92
346,337
346,334
119,81
322,54
120,148
342,155
283,132
302,146
338,292
33,177
202,35
331,201
182,197
211,23
219,97
340,11
342,211
331,279
322,202
182,219
340,120
340,119
182,283
342,338
331,322
342,331
342,182
51,192
147,194
w15,13
335,206
324,156
334,321
152,323
269,167
143,146
330,252
w8,114
103,212
219,307
51,147
335,w15
269,262
w8,76
103,179
334,143
330,219
152,324
334,330
103,51
269,w8
335,152
335,103
269,334
269,335
253,238
345,318
11,163
w16,187
120,97
349,196
46,156
w19,208
199,287
122,39
237,42
106,240
260,0
60,204
w9,162
w16,199
345,46
w9,11
260,253
w16,260
w9,349
345,237
w9,117
345,w16
w9,345
w5,w11
142,197
89,131
182,160
60,19
289,318
14,238
24,223
226,114
170,57
217,123
36,256
282,236
282,226
182,60
89,14
234,24
142,217
89,36
142,234
243,42
89,243
58,254
w15,234
120,105
248,57
289,304
338,152
w10,236
334,60
271,193
273,229
78,156
289,78
196,324
334,248
271,120
258,w10
196,273
271,221
271,289
58,196
214,48
10,159
245,188
268,107
269,278
121,200
273,90
w11,307
135,24
160,61
341,207
275,176
273,214
121,15
341,211
275,10
135,160
269,245
135,121
257,273
341,275
269,43
341,257
341,135
143,155
206,213
66,79
172,318
114,47
168,313
338,3
165,27
298,182
104,290
104,114
302,172
298,244
94,7
70,66
298,70
302,94
298,168
302,102
302,298
303,223
43,2
198,260
319,252
162,139
125,173
335,250
268,167
294,28
175,14
331,47
335,162
198,120
319,209
125,78
268,175
268,303
125,319
335,331
198,43
335,268
198,125
335,198
344,73
193,289
258,257
131,22
21,180
341,65
235,55
98,303
w8,292
295,326
331,247
265,98
295,183
131,156
341,344
w8,193
21,173
w8,131
258,221
258,265
88,108
258,265
133,279
276,44
106,239
247,132
222,307
217,314
322,225
217,120
276,213
247,206
149,204
222,327
276,247
149,156
88,322
276,149
149,163
251,144
37,15
70,300
286,208
153,204
193,119
329,41
w11,179
35,323
297,349
261,173
273,35
184,10
37,145
193,70
w11,251
184,273
193,153
329,149
329,184
w11,193
329,w11
130,223
316,245
345,133
343,117
331,22
322,49
175,62
207,55
5,229
124,271
w8,320
287,95
316,5
343,238
148,w10
120,207
124,130
345,287
w8,322
331,175
124,120
343,345
w8,148
124,316
124,w8
341,142
136,213
245,97
158,283
70,236
305,114
343,227
343,154
328,61
136,158
254,223
341,60
343,82
341,157
328,254
328,147
341,343
341,328
w2,303
320,318
165,283
15,229
193,281
269,315
322,187
255,234
w14,105
319,78
51,141
142,w10
342,327
172,336
269,320
165,322
w14,319
51,15
w2,193
342,189
172,54
172,342
w2,w14
269,165
w2,269
27,39
337,102
266,141
248,284
10,47
120,153
93,57
w5,20
135,38
277,187
317,10
120,327
93,337
248,273
27,140
27,317
274,248
135,264
27,120
305,307
w14,225
342,323
186,78
w15,96
60,169
298,82
316,267
94,44
265,35
219,197
219,15
298,186
w14,94
342,265
60,107
60,277
w14,175
298,219
342,22
298,w14
342,60
298,342
43,177
322,252
106,47
186,18
21,292
70,323
124,95
206,168
258,52
92,128
322,196
124,43
165,3
297,70
106,92
186,192
258,206
322,318
124,106
186,322
124,165
119,151
2,109
289,176
23,132
103,67
195,1
267,27
185,244
124,225
233,79
182,180
48,156
217,145
23,119
182,48
267,185
297,2
217,248
124,289
182,233
267,80
330,162
336,140
199,175
218,307
335,208
45,24
195,305
346,131
w14,295
316,239
260,158
13,167
199,247
13,260
45,323
160,259
346,336
330,218
195,160
335,330
346,13
45,199
346,335
45,195
w16,314
331,198
25,156
27,105
299,347
221,190
191,34
106,161
253,168
149,223
w1,227
143,76
130,328
281,326
106,149
281,25
253,19
299,221
w1,249
331,143
w16,27
w1,191
331,253
299,106
299,331
w1,281
299,w1
91,41
135,278
347,7
w2,178
295,w10
226,180
250,56
46,305
333,211
162,82
172,120
59,239
333,91
347,162
281,92
135,46
172,245
w2,250
260,226
w2,135
281,59
w2,260
w2,281
268,279
342,166
67,8
270,213
1,36
123,101
189,79
205,61
196,70
286,249
280,163
196,189
280,114
205,252
67,1
286,64
270,157
268,270
268,67
268,25
92,292
113,140
297,255
124,313
242,w19
198,63
306,221
260,141
98,148
310,94
151,188
289,134
254,220
297,153
251,254
260,98
151,92
124,306
260,319
297,151
124,289
124,260
297,113
326,85
269,295
321,83
86,43
182,155
304,105
230,218
118,240
196,311
230,196
321,315
269,314
318,131
269,230
318,304
318,63
269,326
269,318
185,95
228,247
195,177
115,157
337,218
42,159
242,197
335,305
135,180
66,9
268,221
191,312
185,191
268,66
195,318
228,132
337,335
337,42
268,185
228,195
228,28
184,44
50,326
52,9
198,147
335,30
306,163
322,154
270,195
121,210
148,140
134,59
198,248
335,148
270,306
50,111
121,42
184,134
121,7
270,184
195,65
230,5
3,304
320,189
233,284
142,160
67,153
137,222
342,139
58,291
43,107
270,33
332,257
230,58
270,233
320,190
137,260
342,332
142,3
142,270
342,320
142,289
111,117
241,128
122,62
153,221
161,43
339,61
78,159
89,102
283,292
15,57
76,0
130,98
74,266
295,167
191,150
295,122
161,76
153,15
111,29
130,78
89,241
191,283
339,74
89,153
339,111
89,191
267,56
335,200
262,22
104,247
302,294
207,283
93,w11
27,63
160,273
316,293
w15,145
124,214
129,148
335,316
267,129
104,62
262,264
302,124
w15,48
302,335
262,104
302,160
302,207
174,348
235,51
267,244
182,294
37,28
48,313
1,24
299,78
w17,69
50,86
326,109
198,94
268,156
37,97
293,326
182,50
267,w17
299,198
235,48
268,174
182,37
293,22
182,267
299,293
299,182
184,160
241,82
297,128
91,307
289,115
262,314
142,306
243,207
93,311
208,264
270,166
235,245
93,297
188,140
289,91
235,148
241,176
93,270
235,188
243,208
243,289
93,243
170,10
254,236
w18,344
w8,332
w5,109
219,153
331,143
298,44
178,220
111,18
224,15
w18,111
298,w5
178,224
w8,114
170,255
331,55
w18,178
w8,170
298,256
331,254
298,w18
331,w8
298,331
161,196
299,146
240,140
177,192
341,83
20,105
59,300
168,283
130,80
88,158
322,11
20,155
168,79
341,207
88,177
299,130
88,240
341,168
299,59
299,88
341,202
341,299
224,212
265,65
345,206
117,194
180,229
302,290
343,293
324,9
74,304
235,283
123,20
102,54
324,102
302,326
265,324
302,117
180,214
8,180
253,223
302,292
335,194
123,176
235,128
133,19
305,315
118,279
183,252
342,259
322,197
235,183
302,192
118,305
133,39
335,120
342,260
322,205
118,133
302,322
235,335
342,253
235,302
342,118
235,342
230,225
81,311
w4,19
w18,133
191,70
169,273
228,15
274,295
43,30
72,157
26,94
250,214
271,236
228,233
43,81
274,186
230,w4
230,191
w18,43
274,169
173,90
270,94
278,196
142,115
276,243
74,112
219,313
200,52
14,35
231,79
118,97
74,118
219,14
142,231
270,256
276,17
278,15
278,219
74,270
276,142
276,278
74,209
276,74
185,119
67,279
65,236
267,w19
172,44
188,141
89,319
282,195
142,79
337,175
257,238
268,218
250,259
123,303
337,188
172,250
282,213
89,185
267,65
123,257
142,268
172,89
142,282
123,197
172,142
172,267
266,223
155,311
w17,156
349,194
187,238
121,115
329,306
322,237
221,190
322,187
122,146
169,155
192,300
121,221
w17,202
329,265
122,349
322,w17
169,192
172,152
76,47
51,315
112,114
5,323
277,324
263,252
39,132
98,283
231,173
w18,224
263,85
w18,273
112,39
172,289
98,99
51,76
231,277
231,263
112,51
172,98
172,231
172,18
152,20
w4,204
121,317
205,220
118,240
341,8
257,0
302,89
191,292
15,252
58,175
276,108
341,144
257,212
276,121
58,59
152,w4
15,238
118,191
302,205
58,257
302,276
341,152
118,15
302,118
341,58
341,302
50,140
268,94
96,220
336,18
310,173
270,132
336,20
w11,252
299,307
270,284
317,303
268,96
336,204
270,w11
299,50
299,270
336,317
299,336
26,254
318,256
299,282
w1,77
322,151
253,24
196,109
330,244
153,38
8,304
318,154
8,54
322,247
196,102
w1,330
26,153
26,318
322,196
w16,8
w1,189
26,w1
w16,322
26,w16
322,148
w5,168
257,154
306,80
250,167
240,92
181,5
175,30
268,313
7,239
115,323
241,275
318,190
181,318
w5,250
240,7
195,317
241,306
268,115
w5,169
268,240
w5,195
268,257
w5,268
274,264
78,223
270,262
302,74
112,214
158,59
295,314
201,191
340,22
99,97
78,61
270,99
274,328
340,295
302,139
237,98
340,289
302,237
270,274
302,340
270,78
302,270
225,247
45,159
91,131
212,48
w1,294
w16,102
328,238
210,206
66,204
255,132
343,13
172,224
158,144
343,43
w1,239
91,66
172,212
w16,255
158,328
172,91
343,w16
w1,44
172,158
w1,343
170,63
170,236
165,170
165,5
165,330
322,139
89,2
89,260
154,55
122,154
122,141
122,177
258,317
258,34
258,265
258,174
258,315
258,49
w5,w10
332,30
332,160
37,332
37,144
37,199
37,77
228,37
228,36
228,250
228,150
228,254
228,306
228,163
228,330
228,38
228,191
228,328
228,261
228,136
228,234
228,25
228,123
228,159
228,134
228,220
228,178
228,244
19,76
19,323
w16,19
w16,78
w16,149
184,59
184,70
199,184
199,150
199,326
199,2
113,261
207,55
207,218
172,207
172,80
172,92
172,67
172,36
172,210
172,211
172,109
172,286
172,66
302,172
177,328
335,177
338,197
338,97
w9,145
w9,332
w9,65
w9,306
w9,224
w9,125
w9,266
w9,213
w9,223
w9,289
w9,24
w9,273
w9,276
w9,248
w9,w4
w9,321
w9,56
w9,162
w9,305
w9,189
w9,128
w9,207
w9,206
w9,187
w9,29
254,63
340,254
340,136
w18,277
w18,61
w18,123
w18,w11
w18,70
w18,149
w18,311
w18,95
w18,5
w18,29
w18,22
w18,283
w18,134
w18,315
w18,222
w18,30
w18,21
w18,141
332,44
158,332
37,158
37,19
209,0
199,209
106,199
106,28
106,7
106,241
106,213
106,14
106,160
106,147
106,227
106,177
106,25
106,280
106,203
106,219
106,237
106,304
231,247
231,78
231,322
231,120
231,212
231,19
231,174
231,123
231,50
231,223
121,32
121,27
89,121
89,306
89,241
89,167
89,198
89,164
89,22
89,14
89,251
89,292
89,286
89,w19
89,122
89,49
89,313
89,134
89,153
89,61
89,315
89,98
89,160
89,37
89,41
89,w5
89,45
343,89
343,44
343,30
140,348
286,140
286,122
286,287
286,164
w9,286
w9,295
w9,55
w9,162
w9,w11
w9,w17
w9,204
w9,64
w9,336
w9,258
w9,26
w9,179
w9,321
w9,260
w9,197
w9,233
w9,170
w9,349
w9,17
w9,275
w9,264
w9,175
w9,223
335,292
335,20
335,219
265,145
265,279
265,55
265,319
265,212
265,131
265,264
265,1
265,113
265,192
265,318
265,183
265,289
265,60
265,166
265,239
265,18
265,22
265,70
265,204
130,254
121,130
286,121
286,163
286,82
286,255
286,140
286,249
286,257
286,195
286,317
286,10
286,62
286,271
286,174
286,192
286,190
286,80
286,90
286,24
286,79
286,220
286,322
286,202
286,217
286,234
200,281
200,348
200,279
200,221
200,315
200,38
200,259
200,304
200,139
200,119
200,284
200,28
200,234
200,144
200,215
200,319
200,85
200,349
200,90
169,154
224,169
224,157
297,224
w0,304
w0,295
w0,107
w0,83
w0,275
w0,148
w0,244
w0,174
w0,7
w0,283
w0,39
w0,160
w0,w4
w0,35
w0,180
w0,122
w0,196
w0,223
w0,313
w0,185
w0,115
231,159
339,231
339,193
339,145
339,223
339,185
339,203
339,23
339,160
339,305
339,227
339,137
339,190
339,0
339,306
339,109
339,173
339,49
339,267
339,244
339,179
339,279
339,328
339,46
339,69
339,269
339,300
339,58
339,257
339,237
211,196
211,131
172,211
172,92
172,39
172,185
172,268
172,115
172,15
172,113
172,245
172,43
172,160
172,118
172,72
172,99
172,56
172,18
172,328
172,119
172,81
172,215
172,23
103,132
103,3
103,89
103,223
73,40
73,214
73,313
326,166
326,204
326,62
326,90
37,326
37,255
37,170
37,236
37,23
37,238
37,w0
37,49
37,22
235,316
235,183
235,135
235,55
235,291
250,240
250,198
250,245
250,180
250,188
250,39
250,42
250,60
250,27
250,15
w1,250
w1,241
w1,72
w1,300
w1,24
w1,277
w1,79
w1,255
w1,151
w1,189
w1,264
w1,w5
w1,214
297,44
233,238
125,233
125,191
125,10
125,190
125,94
45,125
45,257
45,143
45,260
45,108
337,45
278,320
278,348
278,109
278,323
278,1
278,314
124,278
124,165
124,153
124,28
124,119
124,345
124,w10
124,0
160,190
43,160
43,168
43,167
299,43
299,264
299,w19
299,262
299,230
299,199
299,w0
299,233
299,112
299,30
299,211
299,61
299,130
299,131
299,266
299,219
299,35
299,312
299,251
299,21
299,191
299,340
299,169
299,9
299,172
299,177
w4,264
w4,259
343,w4
343,238
343,336
343,274
343,114
343,202
343,w17
343,281
331,287
331,100
w9,331
w9,303
w9,122
w9,252
w9,30
w9,156
w9,104
w2,54
w2,5
w2,187
w2,172
w2,38
w2,324
w14,328
w14,119
149,315
149,95
149,248
149,189
w9,149
w9,180
w9,276
w9,265
w9,143
w9,38
w9,211
w9,148
w9,338
w9,198
w9,199
w9,73
w9,130
w9,322
w9,319
w9,259
w9,99
w9,w10
w9,43
w9,313
w9,112
w9,348
w9,235
w9,214
66,163
66,189
228,66
228,104
228,91
228,317
207,148
207,238
207,151
135,207
135,156
135,147
135,248
302,241
302,10
302,130
302,289
302,223
302,59
302,186
302,128
302,343
302,178
302,60
302,262
302,205
302,190
154,41
349,154
349,213
349,114
349,19
349,229
268,349
268,73
268,65
268,113
268,261
268,52
268,247
268,192
268,314
268,274
268,w11
268,199
268,203
268,147
268,320
268,193
207,307
207,148
207,54
w18,207
241,318
250,241
250,207
250,140
44,99
44,326
44,311
44,304
44,264
44,307
44,109
44,348
44,169
44,63
11,92
11,168
329,11
329,86
337,329
45,143
45,236
45,237
269,45
269,55
269,49
269,291
269,132
269,251
269,134
269,194
269,43
269,106
269,186
269,147
269,108
269,191
269,228
269,141
269,243
269,152
269,102
269,221
186,281
298,186
298,1
302,298
302,260
302,183
302,137
26,131
26,89
26,194
26,191
26,228
26,122
26,5
26,114
26,15
26,27
26,139
26,323
26,w4
26,76
26,86
347,26
347,198
347,295
347,343
347,105
93,262
93,318
268,193
268,312
268,90
268,76
268,247
268,0
268,70
268,184
268,24
268,102
268,86
181,268
181,132
181,267
302,181
302,114
302,144
302,349
302,337
302,345
302,207
302,78
w18,304
w18,168
w18,85
77,264
77,279
234,77
234,284
234,176
328,234
328,202
328,304
328,109
328,54
233,305
233,144
233,78
335,233
335,281
335,66
335,249
335,103
335,86
185,76
185,107
185,15
185,195
185,55
185,180
185,24
129,148
129,204
129,1
129,156
129,54
129,187
129,303
129,41
129,189
129,92
334,129
334,158
334,60
334,108
334,253
334,261
172,334
139,223
169,139
130,169
142,130
142,w19
142,326
142,348
142,278
142,153
142,271
142,331
142,323
142,190
142,58
142,167
142,125
142,101
142,108
231,238
231,300
231,95
231,314
231,195
231,162
19,1
228,19
228,147
228,204
268,228
268,135
268,213
268,145
268,311
268,306
268,286
268,265
268,195
268,289
268,7
268,37
268,94
268,278
268,218
268,219
268,176
268,305
268,38
268,192
268,290
268,139
268,25
260,48
249,189
249,82
249,213
249,312
249,90
249,234
249,157
182,249
182,122
182,253
182,190
182,322
182,293
182,24
182,270
182,282
182,36
182,215
182,141
182,262
67,108
67,76
172,67
172,13
172,20
172,w5
172,102
172,182
172,56
172,159
172,329
172,332
172,227
172,98
172,217
172,134
172,348
172,237
172,63
89,160
89,120
89,19
89,275
89,258
340,89
340,9
340,91
278,83
320,82
336,320
336,330
336,178
336,209
265,281
230,265
230,303
230,51
230,188
230,65
230,310
230,224
230,134
230,21
230,49
230,76
230,105
230,145
230,345
120,154
120,163
2,192
322,2
322,101
211,91
211,149
211,25
211,7
211,65
211,131
211,109
306,222
252,156
252,323
252,305
252,22
86,30
86,252
86,36
152,86
152,33
152,153
267,146
267,56
267,161
267,159
267,128
342,267
342,76
342,261
342,205
342,74
346,342
346,283
346,149
346,15
346,186
346,291
270,248
270,223
270,315
270,274
270,104
270,w17
335,191
201,326
w2,201
w2,163
w2,320
w2,302
w2,281
w2,188
w2,121
w2,11
26,46
26,306
26,35
26,174
26,131
26,28
26,69
26,134
203,300
203,119
203,193
203,41
203,323
203,255
203,186
346,203
212,2
172,149
172,229
172,206
172,316
172,183
172,335
172,54
172,82
172,226
172,188
172,115
172,123
172,315
298,172
298,211
298,58
298,41
298,43
298,284
298,158
298,108
298,100
298,112
298,106
298,29
298,319
298,18
298,w19
298,w5
298,160
298,45
45,95
286,94
286,261
258,70
258,1
258,63
258,223
258,69
258,139
258,146
258,18
258,137
258,247
258,275
258,176
258,333
258,161
258,326
258,46
258,101
258,159
162,66
162,115
287,162
287,8
287,54
287,60
287,194
287,108
228,287
228,w4
228,330
341,228
341,91
341,36
341,275
341,270
341,34
341,164
341,133
341,77
341,223
341,19
341,113
341,136
341,219
341,213
341,290
341,241
341,w2
341,243
199,291
169,147
172,169
172,50
346,172
341,346
341,220
341,292
341,139
341,81
341,165
341,342
341,153
341,289
341,193
341,236
341,293
341,219
341,184
341,260
341,51
341,122
341,150
341,132
341,317
341,247
341,335
341,177
341,30
343,314
343,264
w1,343
w1,267
w1,317
w1,122
w1,169
w1,282
w1,218
w1,133
w1,179
330,132
329,330
329,175
329,315
329,34
329,278
329,137
329,191
329,86
329,295
329,76
329,223
329,323
329,146
329,111
329,205
329,326
342,76
342,178
342,69
342,55
211,80
270,117
270,306
270,164
154,279
188,213
339,188
339,92
339,95
339,237
339,48
339,335
339,150
339,267
339,172
339,260
160,202
118,160
118,244
118,295
118,143
118,14
118,205
118,48
118,245
118,139
118,105
118,96
118,157
118,119
118,177
118,2
118,5
118,291
118,207
89,118
89,283
89,78
89,268
89,141
342,89
342,150
342,8
342,229
342,101
85,38
93,85
235,93
235,330
235,27
235,30
235,197
286,249
286,19
286,315
286,226
269,286
269,215
269,322
269,258
269,32
269,15
269,292
269,174
130,160
130,291
130,18
130,140
130,220
130,208
130,11
151,128
21,151
154,300
74,154
74,179
74,72
74,17
328,42
182,328
182,122
182,34
182,259
269,182
269,101
269,224
269,267
269,312
269,263
269,189
269,258
269,99
269,48
269,111
37,287
37,320
37,165
37,146
37,21
37,188
37,105
37,328
37,186
37,160
37,220
37,w19
37,140
37,136
37,64
37,263
37,329
37,86
37,35
37,143
37,95
37,226
37,316
37,77
37,223
37,197
37,100
226,97
w18,226
w18,113
w18,201
w18,123
329,188
329,27
329,23
329,324
329,49
329,36
329,88
329,52
329,305
329,50
329,190
329,167
329,278
329,140
329,327
329,313
329,9
329,158
329,183
329,317
329,280
329,24
294,322
294,80
294,239
294,245
294,78
270,20
270,15
270,128
270,7
270,69
270,28
270,236
270,17
270,229
270,253
270,18
334,270
334,w5
334,306
334,134
334,291
334,328
334,332
334,318
334,107
334,219
342,334
342,0
342,274
336,218
210,143
210,295
210,95
344,210
51,48
51,82
51,240
51,117
276,324
276,331
267,97
267,54
267,80
267,44
267,34
w9,267
w9,254
139,30
184,139
49,96
49,81
w11,49
w11,118
w11,307
106,w11
106,318
106,144
106,132
106,199
289,245
289,149
319,0
319,291
165,319
165,29
260,208
260,183
260,11
260,159
260,128
260,239
230,260
230,49
230,179
230,277
230,180
230,197
230,5
230,54
230,328
230,286
230,190
230,w5
240,132
240,194
240,47
240,28
195,167
241,195
241,189
241,206
217,162
217,62
217,39
217,287
217,349
217,13
217,88
217,78
217,65
217,139
217,2
217,244
217,332
217,157
217,277
217,292
343,217
343,187
343,113
343,98
343,223
343,27
45,78
45,147
45,30
174,300
174,65
174,91
90,47
w16,90
w16,22
w16,92
w16,231
w16,80
w16,107
w16,129
169,147
169,91
169,92
169,202
169,300
169,348
169,56
169,222
169,176
169,166
169,180
169,154
169,318
169,102
169,34
121,169
121,167
100,140
100,46
100,65
100,57
100,56
100,145
100,187
100,30
142,100
142,194
142,111
142,83
142,151
142,277
142,129
142,218
142,105
w2,142
w2,66
w2,136
w2,w0
w2,157
w2,184
w2,318
w2,94
w2,242
w2,168
w2,178
w2,115
w2,130
332,348
332,173
332,168
332,327
w1,332
w1,w8
169,96
w5,169
w5,304
w5,79
w5,137
172,w5
172,217
172,25
172,13
172,300
172,143
172,150
172,57
172,156
172,281
124,172
124,227
124,153
124,60
124,333
124,261
124,274
169,204
333,169
333,38
333,157
333,160
333,51
333,101
333,122
333,227
333,247
333,15
333,300
124,333
124,344
124,134
124,260
124,21
124,165
125,191
125,69
125,117
125,252
125,304
182,255
182,170
182,45
182,305
182,203
182,290
182,281
182,47
182,102
182,112
182,278
182,150
182,187
182,273
182,201
182,14
182,119
182,85
182,15
182,38
182,36
182,10
182,w4
182,7
334,182
334,33
334,239
334,217
172,w8
172,280
74,140
74,43
74,322
74,143
118,100
118,158
118,29
118,104
250,118
250,313
250,62
250,97
250,67
250,35
250,96
250,49
250,231
250,73
250,303
250,245
298,250
298,208
298,262
333,206
43,83
43,1
279,47
279,220
279,156
199,279
199,10
241,199
241,129
241,36
241,263
241,191
217,100
217,209
217,175
217,111
217,162
217,18
270,217
270,143
270,323
340,193
340,101
340,222
340,70
340,97
340,83
340,74
340,196
340,241
340,47
340,69
340,15
340,159
340,201
340,290
340,169
340,72
340,104
340,244
340,48
340,263
340,197
340,344
340,228
340,174
340,142
340,210
340,19
340,111
340,131
234,81
234,214
234,292
w2,234
w2,200
w2,297
w2,129
w2,24
w2,225
w2,275
w2,195
w2,254
w2,277
w2,175
w2,43
w2,180
w2,222
w2,318
w2,132
w2,142
w2,5
w2,194
w2,106
w2,202
w2,257
265,174
w1,69
w1,44
161,27
207,62
207,273
207,307
207,150
207,236
207,300
241,207
241,81
241,168
241,326
172,241
172,66
172,176
334,w15
334,41
334,10
244,200
334,244
334,3
334,170
334,320
334,281
334,148
334,51
334,271
334,15
334,322
334,185
334,266
334,238
334,258
334,303
334,76
334,13
334,156
334,198
334,98
334,349
334,30
334,56
334,0
334,226
334,1
334,34
334,21
334,310
122,197
122,238
122,56
122,147
122,239
122,94
297,122
297,146
297,179
297,156
297,186
297,233
297,21
w9,297
w9,256
w9,271
w9,261
172,254
172,43
172,270
172,14
172,310
172,222
172,129
172,340
172,324
43,36
43,204
43,117
43,49
43,98
43,79
43,196
235,43
142,229
142,318
142,140
341,142
341,62
341,349
341,169
341,94
341,313
341,212
341,326
341,113
341,218
341,295
341,83
341,208
341,77
341,291
341,130
341,231
341,123
20,41
w8,20
w8,284
w8,136
338,w8
338,78
338,140
338,252
338,293
338,47
338,200
338,50
338,133
338,7
338,0
338,201
338,188
338,1
338,25
338,227
338,157
338,175
338,91
338,w18
338,196
338,237
192,236
243,192
243,108
243,155
195,243
195,30
195,311
51,195
74,51
74,214
74,132
341,207
341,264
230,213
230,96
230,61
317,35
w16,317
w16,77
w16,257
172,266
172,73
172,240
172,145
172,331
172,251
172,274
172,264
172,254
172,323
172,180
172,140
172,183
172,7
172,291
172,184
172,159
172,190
172,133
172,252
172,278
172,311
172,215
172,289
172,35
172,170
172,208
172,160
172,310
112,314
112,81
306,300
306,43
306,28
306,175
306,47
306,287
306,123
306,66
337,306
337,264
337,9
337,319
337,95
337,131
337,344
337,281
337,162
337,8
337,15
337,67
337,282
337,33
337,237
337,251
182,44
182,194
182,252
182,115
268,150
268,278
268,259
268,180
268,105
270,166
270,40
270,164
270,69
270,187
181,270
181,18
181,101
181,135
181,191
181,32
181,73
181,55
181,8
181,327
181,50
266,249
266,173
266,61
290,47
290,328
290,209
290,56
137,290
w0,137
w0,153
w0,82
w0,271
w0,292
297,w0
297,201
269,297
269,7
269,w19
269,161
269,204
269,294
269,102
269,245
269,343
269,57
337,119
337,258
337,154
337,315
337,198
337,289
337,w4
51,35
w1,51
w1,60
w1,316
w1,349
w1,223
269,w1
269,154
269,170
269,133
212,238
212,146
287,212
287,318
287,91
287,167
287,305
287,132
287,300
231,287
231,41
231,94
231,177
231,83
231,54
231,196
231,156
231,10
231,129
67,166
306,67
306,303
306,60
306,98
306,95
306,327
306,305
306,284
306,280
198,306
198,267
198,151
198,56
198,108
198,326
198,146
341,211
341,8
341,204
341,294
341,229
341,205
214,66
214,105
251,214
w2,251
w2,164
w2,253
w2,55
w2,123
w2,34
w2,295
266,186
266,283
266,215
266,320
266,13
266,322
336,266
336,134
336,219
336,112
336,95
336,278
336,32
342,336
342,264
342,315
299,342
299,w14
299,188
299,69
165,314
165,78
165,320
165,300
165,249
165,189
282,165
282,205
282,238
w18,282
w18,64
w18,278
w18,145
w18,280
w18,225
w18,19
w18,24
w18,38
w18,234
w18,208
w18,323
w18,146
w18,306
w18,13
w18,199
w18,149
218,48
218,229
99,218
99,189
286,252
286,328
286,73
286,240
286,42
286,160
286,209
286,220
286,w0
286,173
286,191
286,348
286,168
286,280
286,271
286,300
286,313
286,212
286,293
244,222
244,114
64,244
270,64
270,85
270,139
270,136
339,270
339,247
339,219
339,235
339,297
339,271
339,252
339,307
339,28
339,291
339,141
339,331
339,109
339,19
339,259
339,225
339,201
339,295
339,57
339,349
339,318
339,335
339,49
59,42
142,59
142,289
142,119
262,11
w8,262
w8,41
w8,118
w8,9
w8,281
w8,183
w8,196
w8,273
w8,81
w8,243
w8,195
w8,284
w8,328
w8,52
w8,98
w8,332
w8,44
w8,39
w8,300
w8,63
176,279
176,66
176,283
176,187
176,0
289,176
289,304
289,328
289,47
289,277
289,65
289,140
289,147
289,179
289,39
289,314
142,289
217,100
217,18
217,65
217,143
349,168
299,349
299,165
299,323
299,320
299,276
299,7
299,316
299,342
299,148
299,214
121,137
121,113
121,48
121,80
121,153
121,107
121,289
121,128
121,173
121,206
121,139
121,w11
331,121
45,30
186,29
186,257
101,188
101,221
101,273
108,101
108,239
106,108
106,326
106,328
26,37
103,92
103,227
103,307
103,201
103,143
103,70
103,310
103,139
103,196
103,79
103,187
103,96
103,22
103,260
w15,205
w15,20
w15,165
w15,109
w15,197
w15,15
w15,189
26,w15
26,263
26,176
26,231
26,203
125,46
125,160
125,105
125,289
125,91
125,39
125,314
125,248
125,65
125,9
125,11
125,69
125,156
64,92
64,157
64,141
266,64
266,161
266,78
342,266
342,321
342,274
342,279
342,91
342,221
342,20
342,106
342,306
342,19
342,164
342,226
342,242
342,324
342,129
342,105
342,323
342,143
342,13
342,133
342,18
342,239
88,264
88,314
88,133
88,109
88,273
88,348
297,88
297,164
297,17
297,226
297,128
297,145
297,191
297,292
297,187
297,165
297,317
297,54
297,200
297,137
299,297
299,328
299,349
299,43
299,173
299,129
299,263
299,160
299,206
299,262
15,312
40,15
40,213
40,155
40,48
40,41
40,204
121,40
217,121
217,w0
217,65
217,137
217,160
217,287
217,81
217,322
217,36
217,78
217,164
217,119
298,217
298,122
298,17
298,231
298,w15
298,248
111,326
111,2
334,111
334,320
334,199
334,328
334,251
334,140
334,132
334,193
334,295
334,185
346,334
346,90
346,10
346,40
346,14
346,34
346,191
346,55
346,182
346,123
346,58
346,177
346,333
346,291
346,139
255,55
255,18
322,255
322,69
322,122
322,145
322,219
322,101
328,39
328,132
328,91
328,119
328,42
328,23
328,34
289,328
289,79
289,139
289,206
w17,15
250,w17
250,289
250,234
250,38
250,202
250,244
250,88
250,254
250,78
250,315
250,21
250,96
250,129
250,245
250,206
250,287
250,217
250,201
250,9
250,304
343,250
343,322
343,77
343,41
343,141
86,108
86,92
26,86
158,48
158,146
212,59
266,212
266,30
266,205
266,137
339,274
339,38
339,57
339,111
339,109
339,145
339,112
106,157
106,162
106,w11
106,39
106,177
106,264
106,134
181,271
298,207
298,18
298,336
298,201
298,82
298,117
298,323
298,22
298,160
298,324
298,34
298,186
298,295
298,340
298,146
298,345
298,92
298,36
298,279
298,98
298,23
298,38
298,281
20,289
89,20
89,234
89,214
89,344
89,251
89,290
93,89
93,303
93,97
93,179
93,243
93,56
93,11
93,318
93,2
93,18
93,255
93,72
w9,93
w9,330
w9,260
w9,28
w9,88
302,202
302,336
302,306
302,194
w16,128
263,w4
263,191
263,115
263,139
263,48
318,148
298,318
298,205
298,240
125,0
302,125
302,328
302,175
302,34
302,206
60,101
60,319
282,60
282,289
w8,314
w8,229
w8,275
w8,160
172,220
172,151
250,329
250,241
250,153
250,291
250,101
250,51
250,w10
250,80
250,193
250,290
250,115
250,212
250,163
250,190
250,100
250,175
250,0
250,275
250,332
250,253
250,209
250,274
250,255
250,204
250,157
250,43
48,163
48,156
98,48
45,98
45,290
45,174
45,219
45,49
45,82
45,250
45,274
45,121
45,214
45,17
45,80
45,7
45,135
45,15
45,22
45,131
45,5
45,185
45,277
45,225
45,257
45,210
45,113
45,167
45,183
182,259
w1,182
w1,217
w1,23
135,258
135,17
135,62
135,227
135,148
135,275
135,253
135,326
135,249
135,284
135,136
135,327
135,226
135,225
135,188
135,147
135,47
135,198
135,319
135,245
135,176
135,117
135,267
200,39
200,327
200,247
200,259
250,200
250,160
250,72
250,264
250,66
250,28
250,313
250,78
250,328
250,60
250,100
250,323
250,w4
250,10
250,194
250,281
250,44
250,w16
250,w15
250,112
250,62
233,22
302,130
302,92
302,275
302,233
302,w5
302,30
302,316
302,185
302,22
302,88
302,133
302,10
302,290
230,w4
230,202
230,225
230,222
230,58
230,27
230,234
230,144
230,140
w0,305
w0,78
w0,47
w0,193
w0,125
w0,107
61,202
230,61
230,43
230,259
230,83
230,w8
230,129
331,321
331,229
331,327
331,52
331,255
331,324
331,313
331,205
331,114
331,210
331,159
331,25
331,277
331,36
331,24
331,29
331,28
331,220
331,38
45,25
271,233
271,204
271,119
317,328
297,317
297,196
297,56
297,221
335,297
335,239
201,96
201,79
201,249
200,202
200,35
113,208
113,291
299,113
299,303
248,315
w2,250
w2,305
w2,139
w2,148
w2,346
w2,27
w2,77
w2,146
w2,310
w2,74
w2,274
w2,320
w2,316
w2,150
w2,9
w2,21
w2,194
w2,202
w2,96
w2,243
w2,295
129,107
129,115
129,65
129,168
129,39
129,323
89,44
89,96
89,46
89,36
89,333
89,156
89,149
89,95
89,318
89,35
89,154
89,238
89,267
89,169
298,89
298,312
298,103
298,182
298,172
298,151
298,120
26,345
26,259
26,30
26,253
26,164
26,w4
26,67
26,133
26,146
8,284
8,82
8,147
226,317
226,261
226,225
106,148
106,159
106,60
106,229
106,221
106,197
106,316
106,63
106,113
106,146
106,38
106,266
106,314
106,262
106,32
106,65
106,115
106,78
193,117
289,65
289,318
289,63
289,311
289,144
241,289
241,192
93,241
235,93
235,33
235,313
235,185
103,44
103,27
103,291
103,189
103,174
103,279
103,187
103,156
103,76
337,103
337,41
337,338
339,337
339,w10
277,19
277,25
277,254
277,54
277,159
277,147
277,128
w2,277
26,176
26,45
26,163
26,348
88,238
88,140
88,261
88,202
233,236
233,190
233,220
233,69
233,83
233,99
233,85
233,151
233,105
233,47
233,81
233,25
67,160
w16,67
w16,289
w16,318
w16,96
w16,92
w16,13
w16,266
w16,176
217,w16
217,125
217,114
217,115
217,310
217,222
217,218
217,113
217,102
217,183
217,189
217,78
217,175
217,277
217,223
217,134
217,46
217,280
217,140
217,43
258,94
258,225
258,43
335,258
335,252
338,180
329,76
203,329
203,14
203,7
203,61
203,278
203,56
203,224
203,213
203,261
203,149
203,42
203,248
203,204
203,107
203,8
203,324
203,17
203,236
203,327
203,239
40,162
342,40
201,322
201,w4
201,207
201,243
201,80
201,3
201,206
201,0
201,29
201,140
201,273
201,143
195,19
195,156
195,167
195,83
195,117
195,65
195,307
269,195
299,117
299,101
299,251
299,60
299,150
299,104
299,91
299,128
299,155
299,w17
299,w8
299,132
299,177
40,59
40,63
40,30
40,175
40,317
40,222
40,24
40,85
40,0
40,168
217,29
217,49
217,160
335,217
335,251
335,142
335,319
335,56
335,35
342,335
342,99
342,240
342,239
235,342
235,133
235,72
235,202
235,318
235,w19
235,328
235,238
235,18
235,244
235,199
235,9
235,303
235,46
235,90
235,101
251,23
w4,149
w4,61
w4,177
w8,w4
340,w8
340,170
340,213
340,280
340,105
340,65
340,242
340,236
340,196
340,289
340,187
340,256
340,337
340,304
340,203
340,139
340,57
340,w16
340,113
340,25
340,209
340,114
340,250
340,85
167,79
239,56
239,34
241,239
241,61
241,303
46,221
46,179
282,46
282,30
266,102
266,111
266,197
266,66
266,240
266,162
281,245
281,49
281,10
334,77
334,147
334,100
334,149
334,237
334,112
334,275
334,181
334,281
142,320
142,63
142,324
142,35
142,39
142,198
142,344
142,14
142,222
118,140
118,332
118,208
118,55
118,160
118,96
118,318
347,118
347,337
11,25
11,319
11,134
11,10
11,48
11,180
11,146
11,277
11,229
11,148
w18,11
w18,205
w18,178
w18,80
w18,300
w18,262
w18,284
w18,47
w18,282
w18,202
w18,209
169,256
340,169
340,29
337,240
337,104
337,18
337,268
337,35
337,178
337,15
337,51
337,291
337,39
337,242
337,324
337,238
337,137
337,273
337,136
337,222
337,145
337,67
337,212
337,63
337,228
345,8
345,236
339,106
339,73
339,249
339,200
339,77
339,275
339,153
339,21
339,185
339,145
339,175
339,98
339,9
339,223
339,w15
339,231
339,140
339,39
339,104
339,74
339,w11
339,81
339,259
302,320
302,160
302,11
302,121
302,202
302,195
302,188
208,134
208,55
233,154
233,204
265,233
265,107
265,188
265,303
253,215
253,69
230,253
230,78
230,175
230,11
230,306
230,48
230,160
230,100
230,120
230,w0
183,273
43,14
106,43
106,245
106,287
106,311
346,106
13,120
13,162
13,109
13,2
343,13
192,157
192,65
345,192
345,48
99,119
99,41
99,204
67,99
303,238
50,303
50,62
50,154
50,328
50,147
50,151
250,50
231,165
231,1
231,143
231,261
231,307
231,311
231,46
231,227
231,304
231,179
231,277
231,202
231,155
287,99
287,w19
287,76
258,287
258,252
330,263
330,14
330,201
330,279
45,330
45,153
45,140
45,w17
45,52
37,19
345,37
345,72
345,197
345,105
345,292
345,w19
345,28
345,267
345,92
345,94
345,214
345,200
345,199
345,320
345,13
331,345
331,196
302,331
302,227
302,279
302,299
302,81
302,131
302,162
302,159
302,234
302,206
302,318
302,310
249,194
344,249
344,322
344,72
321,151
224,69
205,314
205,66
205,76
205,323
280,166
242,280
310,86
310,48
310,41
310,11
310,157
338,310
338,152
302,338
302,162
302,207
60,38
274,60
274,136
274,114
274,24
274,168
336,274
345,300
345,70
340,345
340,192
340,186
340,69
340,254
340,121
340,315
302,340
302,277
302,177
302,318
302,81
302,123
302,152
302,79
302,66
302,137
302,w17
302,174
w16,186
w16,59
217,w16
217,49
340,217
340,79
64,239
64,158
w18,64
w18,324
w18,233
w18,43
w18,147
w18,111
w18,209
w18,227
w18,3
w18,77
w18,197
w18,326
w18,125
w18,150
w18,275
286,54
286,314
286,218
286,131
286,173
w15,163
w15,213
w15,104
w15,102
286,w15
286,280
286,193
286,14
286,271
331,286
331,89
331,54
331,190
331,209
331,112
93,331
93,147
184,215
172,184
337,w18
337,176
122,252
122,34
344,18
344,222
320,328
320,229
320,27
320,273
320,w19
121,320
121,67
121,w0
121,179
121,318
121,73
121,154
121,214
121,104
121,112
121,259
121,205
121,81
302,121
302,23
172,281
172,85
172,278
172,163
172,280
172,271
192,35
192,92
192,61
192,324
192,132
192,139
322,192
201,322
201,28
201,233
201,222
346,201
346,66
346,330
346,213
346,65
346,158
346,59
346,w19
346,51
346,226
346,241
346,323
346,39
346,242
346,157
289,189
289,174
289,214
289,132
72,289
346,72
346,147
346,15
346,141
w14,93
w14,44
w14,342
w14,233
w14,82
w14,295
w14,96
w14,64
w14,211
w14,277
w14,56
w14,51
w14,112
w14,160
182,36
182,92
182,333
182,40
182,107
344,205
344,109
344,140
344,213
344,63
344,91
210,204
210,185
210,143
322,175
322,128
106,289
w2,106
w2,149
w2,252
133,215
133,47
133,62
133,284
133,287
344,119
344,207
344,153
344,157
344,163
286,310
286,w8
142,286
142,221
142,240
142,245
142,219
142,271
142,204
142,290
142,147
142,199
142,244
337,142
337,70
337,188
337,105
337,11
337,26
337,166
337,w11
337,1
337,275
167,65
342,167
342,152
342,9
342,279
342,322
342,318
342,90
342,193
342,163
342,58
342,35
342,99
342,176
342,w5
142,146
142,203
142,194
142,24
142,215
142,324
142,28
142,190
142,238
142,316
334,142
334,166
59,139
w17,59
w17,65
w17,158
w17,254
w17,292
w17,154
295,w17
295,156
328,223
328,318
339,328
339,121
339,167
339,148
337,336
337,262
337,119
337,304
337,165
337,144
337,255
337,26
337,267
337,132
337,330
136,292
101,147
101,159
101,139
101,177
101,290
101,140
37,101
37,49
37,212
37,275
217,37
217,62
217,90
217,122
217,w8
217,327
227,187
227,196
334,227
334,130
269,334
269,98
269,323
269,106
269,143
230,76
230,249
230,259
230,104
230,191
230,222
230,175
230,178
230,3
w2,230
w2,139
278,257
278,24
278,72
278,107
278,112
278,188
337,278
337,113
337,39
337,47
337,195
337,45
337,254
337,203
337,149
337,137
337,141
339,337
184,214
184,67
290,41
290,69
290,9
290,264
290,189
290,117
86,290
86,128
86,267
86,0
86,258
86,205
86,202
86,83
86,190
86,160
86,97
86,30
86,212
334,9
334,140
334,332
334,304
334,90
321,280
321,128
321,102
321,222
11,318
125,11
125,61
125,322
125,139
125,134
125,293
125,47
125,234
125,92
260,56
335,260
w19,8
123,w19
172,123
172,34
172,295
172,213
172,164
172,291
340,73
340,201
340,218
175,312
w1,175
289,80
289,115
289,319
289,1
289,145
289,279
207,57
207,259
207,140
207,283
207,327
207,215
207,69
207,14
207,0
207,15
120,207
120,204
20,120
274,20
274,267
274,311
274,156
274,145
3,2
310,200
310,218
310,303
310,56
310,188
36,264
w15,36
w15,119
w15,111
w15,86
w15,189
w15,47
w15,332
w15,144
w15,131
w15,46
343,w15
340,343
340,132
340,263
340,192
340,108
340,13
340,178
340,139
340,120
340,276
340,191
340,49
143,52
310,143
310,175
310,10
310,49
224,20
224,318
224,47
224,9
224,140
224,39
224,204
224,15
276,224
276,64
276,183
276,34
276,275
276,157
276,148
276,261
276,113
276,344
276,349
276,184
298,318
298,165
298,41
298,252
298,47
298,215
298,306
298,209
74,2
74,233
341,74
341,76
341,163
341,0
341,176
341,141
341,104
341,205
341,213
341,287
341,267
341,180
341,175
341,170
341,112
341,123
341,241
341,135
341,21
341,261
