Winner,Loser,WinnerRating,LoserRating,AbsDiff,NewScore
2,192,4.444444444,3.75,0.694444444,
2,322,4.444444444,4.294117647,0.150326797,
11,92,4.7,3.333333333,1.366666667,
11,168,4.7,3.875,0.825,
11,170,4.7,5.666666667,0.966666667,
11,231,4.7,5.818181818,1.118181818,
19,1,4,3.666666667,0.333333333,
19,76,4,4.4,0.4,
19,323,4,2.272727273,1.727272727,
19,328,4,4.615384615,0.615384615,
20,294,4,4.923076923,0.923076923,
21,151,4.636363636,3.25,1.386363636,
26,5,6,4.8,1.2,
26,15,6,4,2,
26,27,6,5.5,0.5,
26,28,6,4.555555556,1.444444444,
26,35,6,2.727272727,3.272727273,
26,46,6,3.714285714,2.285714286,
26,69,6,3.6,2.4,
26,76,6,4.4,1.6,
26,86,6,4.25,1.75,
26,89,6,5.25,0.75,
26,114,6,3.666666667,2.333333333,
26,122,6,4.555555556,1.444444444,
26,131,6,4.666666667,1.333333333,
26,131,6,4.666666667,1.333333333,
26,134,6,4.363636364,1.636363636,
26,139,6,2.333333333,3.666666667,
26,174,6,4.363636364,1.636363636,
26,191,6,4.111111111,1.888888889,
26,194,6,2.375,3.625,
26,228,6,6,0,
26,302,6,6.454545455,0.454545455,
26,306,6,5.090909091,0.909090909,
26,323,6,2.272727273,3.727272727,
26,w2,6,7.5,1.5,
26,w4,6,4.7,1.3,
33,17,6.222222222,4.666666667,1.555555555,
33,18,6.222222222,4,2.222222222,
33,39,6.222222222,4.5,1.722222222,
33,137,6.222222222,5.125,1.097222222,
33,219,6.222222222,3.818181818,2.404040404,
33,253,6.222222222,5,1.222222222,
37,19,5.363636364,4,1.363636364,
37,21,5.363636364,4.636363636,0.727272728,
37,22,5.363636364,3,2.363636364,
37,23,5.363636364,3.75,1.613636364,
37,35,5.363636364,2.727272727,2.636363637,
37,49,5.363636364,4.2,1.163636364,
37,64,5.363636364,4.5,0.863636364,
37,77,5.363636364,3.454545455,1.909090909,
37,77,5.363636364,3.454545455,1.909090909,
37,86,5.363636364,4.25,1.113636364,
37,95,5.363636364,3.111111111,2.252525253,
37,100,5.363636364,4.272727273,1.090909091,
37,105,5.363636364,3,2.363636364,
37,106,5.363636364,6.142857143,0.779220779,
37,136,5.363636364,5,0.363636364,
37,140,5.363636364,3.125,2.238636364,
37,143,5.363636364,4.181818182,1.181818182,
37,144,5.363636364,4,1.363636364,
37,146,5.363636364,3.714285714,1.64935065,
37,158,5.363636364,5.428571429,0.064935065,
37,160,5.363636364,4,1.363636364,
37,165,5.363636364,5.3,0.063636364,
37,170,5.363636364,5.666666667,0.303030303,
37,182,5.363636364,6.428571429,1.064935065,
37,186,5.363636364,5.428571429,0.064935065,
37,188,5.363636364,3.529411765,1.834224599,
37,197,5.363636364,4.25,1.113636364,
37,199,5.363636364,4.777777778,0.585858586,
37,220,5.363636364,3,2.363636364,
37,223,5.363636364,1.833333333,3.530303031,
37,226,5.363636364,5.066666667,0.296969697,
37,228,5.363636364,6,0.636363636,
37,236,5.363636364,2.555555556,2.808080808,
37,238,5.363636364,3.125,2.238636364,
37,255,5.363636364,4.444444444,0.91919192,
37,263,5.363636364,5.416666667,0.053030303,
37,287,5.363636364,4.466666667,0.896969697,
37,299,5.363636364,6.363636364,1,
37,316,5.363636364,5.833333333,0.469696969,
37,320,5.363636364,5.5,0.136363636,
37,326,5.363636364,4,1.363636364,
37,328,5.363636364,4.615384615,0.748251749,
37,329,5.363636364,4.916666667,0.446969697,
37,332,5.363636364,3.666666667,1.696969697,
37,335,5.363636364,6.888888889,1.525252525,
37,337,5.363636364,6.384615385,1.020979021,
37,339,5.363636364,6.846153846,1.482517482,
37,w0,5.363636364,5.714285714,0.35064935,
37,w19,5.363636364,4.333333333,1.030303031,
40,46,5,3.714285714,1.285714286,
40,137,5,5.125,0.125,
40,w8,5,4.882352941,0.117647059,
43,160,4.789473684,4,0.789473684,
43,167,4.789473684,4.181818182,0.607655502,
43,168,4.789473684,3.875,0.914473684,
44,11,4,4.7,0.7,
44,21,4,4.636363636,0.636363636,
44,26,4,6,2,
44,33,4,6.222222222,2.222222222,
44,63,4,3.6,0.4,
44,99,4,3.333333333,0.666666667,
44,109,4,3.777777778,0.222222222,
44,133,4,5,1,
44,169,4,4.333333333,0.333333333,
44,198,4,5.8,1.8,
44,264,4,3.333333333,0.666666667,
44,287,4,4.466666667,0.466666667,
44,304,4,2.888888889,1.111111111,
44,307,4,2.125,1.875,
44,311,4,2.928571429,1.071428571,
44,322,4,4.294117647,0.294117647,
44,326,4,4,0,
44,337,4,6.384615385,2.384615385,
44,338,4,5.125,1.125,
44,348,4,3.285714286,0.714285714,
45,95,5.846153846,3.111111111,2.735042735,
45,108,5.846153846,4.578947368,1.267206478,
45,125,5.846153846,5.071428571,0.774725275,
45,143,5.846153846,4.181818182,1.664335664,
45,143,5.846153846,4.181818182,1.664335664,
45,236,5.846153846,2.555555556,3.29059829,
45,237,5.846153846,4.384615385,1.461538461,
45,257,5.846153846,4.5,1.346153846,
45,260,5.846153846,4.818181818,1.027972028,
45,337,5.846153846,6.384615385,0.538461539,
45,w2,5.846153846,7.5,1.653846154,
49,81,4.2,3.166666667,1.033333333,
49,96,4.2,3.588235294,0.611764706,
49,184,4.2,5,0.8,
49,275,4.2,4.133333333,0.066666667,
51,48,4.785714286,2.7,2.085714286,
51,76,4.785714286,4.4,0.385714286,
51,82,4.785714286,3.714285714,1.071428572,
51,111,4.785714286,5.75,0.964285714,
51,117,4.785714286,4.285714286,0.5,
51,164,4.785714286,5.4,0.614285714,
51,198,4.785714286,5.8,1.014285714,
51,203,4.785714286,5.333333333,0.547619047,
51,223,4.785714286,1.833333333,2.952380953,
51,240,4.785714286,4.714285714,0.071428572,
51,263,4.785714286,5.416666667,0.630952381,
51,344,4.785714286,5.416666667,0.630952381,
51,347,4.785714286,6.25,1.464285714,
57,290,3.7,4.5,0.8,
66,163,3.25,2.818181818,0.431818182,
66,189,3.25,3,0.25,
67,76,4.888888889,4.4,0.488888889,
67,86,4.888888889,4.25,0.638888889,
67,108,4.888888889,4.578947368,0.309941521,
67,w16,4.888888889,5.25,0.361111111,
73,40,4.4375,5,0.5625,
73,214,4.4375,3.25,1.1875,
73,313,4.4375,3,1.4375,
74,17,5.5,4.666666667,0.833333333,
74,72,5.5,4.545454545,0.954545455,
74,154,5.5,3.272727273,2.227272727,
74,179,5.5,3.916666667,1.583333333,
76,184,4.4,5,0.6,
76,340,4.4,5.2,0.8,
77,27,3.454545455,5.5,2.045454545,
77,46,3.454545455,3.714285714,0.259740259,
77,235,3.454545455,7.125,3.670454545,
77,264,3.454545455,3.333333333,0.121212122,
77,279,3.454545455,2.727272727,0.727272728,
77,318,3.454545455,3.05,0.404545455,
80,290,3.777777778,4.5,0.722222222,
80,342,3.777777778,6.272727273,2.494949495,
85,38,3.857142857,2.6,1.257142857,
86,30,4.25,3.1,1.15,
86,36,4.25,3.733333333,0.516666667,
86,252,4.25,4.125,0.125,
89,2,5.25,4.444444444,0.805555556,
89,14,5.25,3,2.25,
89,19,5.25,4,1.25,
89,22,5.25,3,2.25,
89,37,5.25,5.363636364,0.113636364,
89,41,5.25,3.875,1.375,
89,45,5.25,5.846153846,0.596153846,
89,49,5.25,4.2,1.05,
89,61,5.25,3.454545455,1.795454545,
89,78,5.25,3.2,2.05,
89,98,5.25,4.5,0.75,
89,118,5.25,5.25,0,
89,120,5.25,4.714285714,0.535714286,
89,121,5.25,5.5625,0.3125,
89,122,5.25,4.555555556,0.694444444,
89,134,5.25,4.363636364,0.886363636,
89,141,5.25,2.375,2.875,
89,142,5.25,5.777777778,0.527777778,
89,153,5.25,4.2,1.05,
89,160,5.25,4,1.25,
89,160,5.25,4,1.25,
89,164,5.25,5.4,0.15,
89,167,5.25,4.181818182,1.068181818,
89,172,5.25,6.523809524,1.273809524,
89,198,5.25,5.8,0.55,
89,235,5.25,7.125,1.875,
89,241,5.25,4.923076923,0.326923077,
89,251,5.25,4.363636364,0.886363636,
89,258,5.25,4.285714286,0.964285714,
89,260,5.25,4.818181818,0.431818182,
89,268,5.25,5.25,0,
89,275,5.25,4.133333333,1.116666667,
89,283,5.25,5,0.25,
89,286,5.25,5.9,0.65,
89,292,5.25,4.285714286,0.964285714,
89,306,5.25,5.090909091,0.159090909,
89,313,5.25,3,2.25,
89,315,5.25,3.375,1.875,
89,w19,5.25,4.333333333,0.916666667,
89,w5,5.25,6.333333333,1.083333333,
93,85,6.666666667,3.857142857,2.80952381,
93,262,6.666666667,5,1.666666667,
93,318,6.666666667,3.05,3.616666667,
94,45,4.461538462,5.846153846,1.384615384,
94,60,4.461538462,4.333333333,0.128205129,
95,280,3.111111111,4,0.888888889,
97,146,4.181818182,3.714285714,0.467532468,
97,276,4.181818182,6.333333333,2.151515151,
99,5,3.333333333,4.8,1.466666667,
99,101,3.333333333,4.181818182,0.848484849,
99,234,3.333333333,4.076923077,0.743589744,
99,250,3.333333333,5.75,2.416666667,
99,294,3.333333333,4.923076923,1.58974359,
99,335,3.333333333,6.888888889,3.555555556,
99,346,3.333333333,5.7,2.366666667,
103,3,5.571428571,4.571428571,1,
103,89,5.571428571,5.25,0.321428571,
103,132,5.571428571,3.2,2.371428571,
103,172,5.571428571,6.523809524,0.952380953,
103,223,5.571428571,1.833333333,3.738095238,
103,269,5.571428571,7.0625,1.491071429,
106,7,6.142857143,3.8125,2.330357143,
106,14,6.142857143,3,3.142857143,
106,25,6.142857143,3.555555556,2.587301587,
106,28,6.142857143,4.555555556,1.587301587,
106,132,6.142857143,3.2,2.942857143,
106,144,6.142857143,4,2.142857143,
106,147,6.142857143,3.181818182,2.961038961,
106,160,6.142857143,4,2.142857143,
106,177,6.142857143,4,2.142857143,
106,199,6.142857143,4.777777778,1.365079365,
106,199,6.142857143,4.777777778,1.365079365,
106,203,6.142857143,5.333333333,0.80952381,
106,213,6.142857143,3,3.142857143,
106,219,6.142857143,3.818181818,2.324675325,
106,227,6.142857143,4.733333333,1.40952381,
106,237,6.142857143,4.384615385,1.758241758,
106,241,6.142857143,4.923076923,1.21978022,
106,280,6.142857143,4,2.142857143,
106,304,6.142857143,2.888888889,3.253968254,
106,318,6.142857143,3.05,3.092857143,
106,341,6.142857143,6.454545455,0.311688312,
106,w11,6.142857143,5.25,0.892857143,
108,321,4.578947368,4.636363636,0.057416268,
113,199,4.692307692,4.777777778,0.085470086,
113,261,4.692307692,4.222222222,0.47008547,
117,108,4.285714286,4.578947368,0.293233082,
117,211,4.285714286,4.625,0.339285714,
118,2,5.25,4.444444444,0.805555556,
118,5,5.25,4.8,0.45,
118,14,5.25,3,2.25,
118,48,5.25,2.7,2.55,
118,96,5.25,3.588235294,1.661764706,
118,105,5.25,3,2.25,
118,119,5.25,3.888888889,1.361111111,
118,139,5.25,2.333333333,2.916666667,
118,143,5.25,4.181818182,1.068181818,
118,157,5.25,3.454545455,1.795454545,
118,160,5.25,4,1.25,
118,177,5.25,4,1.25,
118,205,5.25,4.545454545,0.704545455,
118,207,5.25,4.333333333,0.916666667,
118,244,5.25,4.571428571,0.678571429,
118,245,5.25,4.75,0.5,
118,291,5.25,4.6,0.65,
118,295,5.25,4.166666667,1.083333333,
120,17,4.714285714,4.666666667,0.047619047,
120,74,4.714285714,5.5,0.785714286,
120,154,4.714285714,3.272727273,1.441558441,
120,163,4.714285714,2.818181818,1.896103896,
120,230,4.714285714,6.5,1.785714286,
121,27,5.5625,5.5,0.0625,
121,32,5.5625,5.272727273,0.289772727,
121,130,5.5625,5,0.5625,
122,43,4.555555556,4.789473684,0.233918128,
122,141,4.555555556,2.375,2.180555556,
122,154,4.555555556,3.272727273,1.282828283,
122,177,4.555555556,4,0.555555556,
122,244,4.555555556,4.571428571,0.015873015,
122,w19,4.555555556,4.333333333,0.222222223,
124,0,6.454545455,2.625,3.829545455,
124,28,6.454545455,4.555555556,1.898989899,
124,119,6.454545455,3.888888889,2.565656566,
124,153,6.454545455,4.2,2.254545455,
124,165,6.454545455,5.3,1.154545455,
124,235,6.454545455,7.125,0.670454545,
124,278,6.454545455,4.416666667,2.037878788,
124,345,6.454545455,5.615384615,0.83916084,
124,w10,6.454545455,3.4,3.054545455,
125,10,5.071428571,4.714285714,0.357142857,
125,94,5.071428571,4.461538462,0.609890109,
125,130,5.071428571,5,0.071428571,
125,190,5.071428571,3.285714286,1.785714285,
125,191,5.071428571,4.111111111,0.96031746,
125,233,5.071428571,3.9,1.171428571,
125,258,5.071428571,4.285714286,0.785714285,
129,1,4.444444444,3.666666667,0.777777777,
129,41,4.444444444,3.875,0.569444444,
129,54,4.444444444,3.071428571,1.373015873,
129,58,4.444444444,5.6,1.155555556,
129,67,4.444444444,4.888888889,0.444444445,
129,92,4.444444444,3.333333333,1.111111111,
129,136,4.444444444,5,0.555555556,
129,148,4.444444444,3.875,0.569444444,
129,156,4.444444444,2.882352941,1.562091503,
129,184,4.444444444,5,0.555555556,
129,185,4.444444444,5.071428571,0.626984127,
129,187,4.444444444,3.428571429,1.015873015,
129,189,4.444444444,3,1.444444444,
129,204,4.444444444,2.846153846,1.598290598,
129,270,4.444444444,6,1.555555556,
129,303,4.444444444,3.5,0.944444444,
130,11,5,4.7,0.3,
130,18,5,4,1,
130,106,5,6.142857143,1.142857143,
130,136,5,5,0,
130,140,5,3.125,1.875,
130,160,5,4,1,
130,165,5,5.3,0.3,
130,169,5,4.333333333,0.666666667,
130,208,5,4.8,0.2,
130,220,5,3,2,
130,254,5,4,1,
130,267,5,3.888888889,1.111111111,
130,269,5,7.0625,2.0625,
130,291,5,4.6,0.4,
130,336,5,5.333333333,0.333333333,
135,147,5.285714286,3.181818182,2.103896104,
135,156,5.285714286,2.882352941,2.403361345,
135,207,5.285714286,4.333333333,0.952380953,
135,248,5.285714286,4.571428571,0.714285715,
137,85,5.125,3.857142857,1.267857143,
137,284,5.125,3.636363636,1.488636364,
139,28,2.333333333,4.555555556,2.222222223,
139,30,2.333333333,3.1,0.766666667,
139,90,2.333333333,3.5,1.166666667,
139,223,2.333333333,1.833333333,0.5,
139,240,2.333333333,4.714285714,2.380952381,
140,24,3.125,4.1,0.975,
140,348,3.125,3.285714286,0.160714286,
142,58,5.777777778,5.6,0.177777778,
142,101,5.777777778,4.181818182,1.595959596,
142,108,5.777777778,4.578947368,1.19883041,
142,125,5.777777778,5.071428571,0.706349207,
142,130,5.777777778,5,0.777777778,
142,153,5.777777778,4.2,1.577777778,
142,167,5.777777778,4.181818182,1.595959596,
142,190,5.777777778,3.285714286,2.492063492,
142,271,5.777777778,5.5,0.277777778,
142,278,5.777777778,4.416666667,1.361111111,
142,323,5.777777778,2.272727273,3.505050505,
142,326,5.777777778,4,1.777777778,
142,331,5.777777778,5.642857143,0.134920635,
142,348,5.777777778,3.285714286,2.492063492,
142,w19,5.777777778,4.333333333,1.444444445,
145,338,4.375,5.125,0.75,
149,20,4,4,0,
149,95,4,3.111111111,0.888888889,
149,189,4,3,1,
149,248,4,4.571428571,0.571428571,
149,257,4,4.5,0.5,
149,262,4,5,1,
149,315,4,3.375,0.625,
151,17,3.25,4.666666667,1.416666667,
151,98,3.25,4.5,1.25,
151,128,3.25,3.636363636,0.386363636,
151,w9,3.25,7.166666667,3.916666667,
152,33,5.2,6.222222222,1.022222222,
152,86,5.2,4.25,0.95,
152,153,5.2,4.2,1,
154,21,3.272727273,4.636363636,1.363636363,
154,28,3.272727273,4.555555556,1.282828283,
154,29,3.272727273,4.4,1.127272727,
154,41,3.272727273,3.875,0.602272727,
154,55,3.272727273,1.888888889,1.383838384,
154,89,3.272727273,5.25,1.977272727,
154,174,3.272727273,4.363636364,1.090909091,
154,279,3.272727273,2.727272727,0.545454546,
154,300,3.272727273,2.8,0.472727273,
154,319,3.272727273,3.818181818,0.545454545,
154,341,3.272727273,6.454545455,3.181818182,
158,322,5.428571429,4.294117647,1.134453782,
158,332,5.428571429,3.666666667,1.761904762,
160,190,4,3.285714286,0.714285714,
160,202,4,3.8,0.2,
162,66,4.071428571,3.25,0.821428571,
162,115,4.071428571,3.636363636,0.435064935,
162,277,4.071428571,4.333333333,0.261904762,
165,5,5.3,4.8,0.5,
165,29,5.3,4.4,0.9,
165,170,5.3,5.666666667,0.366666667,
165,319,5.3,3.818181818,1.481818182,
165,330,5.3,4.888888889,0.411111111,
169,139,4.333333333,2.333333333,2,
169,147,4.333333333,3.181818182,1.151515151,
169,154,4.333333333,3.272727273,1.06060606,
169,199,4.333333333,4.777777778,0.444444445,
169,347,4.333333333,6.25,1.916666667,
170,63,5.666666667,3.6,2.066666667,
170,236,5.666666667,2.555555556,3.111111111,
172,13,6.523809524,4.666666667,1.857142857,
172,15,6.523809524,4,2.523809524,
172,18,6.523809524,4,2.523809524,
172,20,6.523809524,4,2.523809524,
172,23,6.523809524,3.75,2.773809524,
172,36,6.523809524,3.733333333,2.790476191,
172,39,6.523809524,4.5,2.023809524,
172,43,6.523809524,4.789473684,1.73433584,
172,50,6.523809524,6.142857143,0.380952381,
172,54,6.523809524,3.071428571,3.452380953,
172,56,6.523809524,3.142857143,3.380952381,
172,56,6.523809524,3.142857143,3.380952381,
172,63,6.523809524,3.6,2.923809524,
172,66,6.523809524,3.25,3.273809524,
172,67,6.523809524,4.888888889,1.634920635,
172,67,6.523809524,4.888888889,1.634920635,
172,72,6.523809524,4.545454545,1.978354979,
172,80,6.523809524,3.777777778,2.746031746,
172,81,6.523809524,3.166666667,3.357142857,
172,82,6.523809524,3.714285714,2.80952381,
172,92,6.523809524,3.333333333,3.190476191,
172,92,6.523809524,3.333333333,3.190476191,
172,98,6.523809524,4.5,2.023809524,
172,99,6.523809524,3.333333333,3.190476191,
172,102,6.523809524,3.5,3.023809524,
172,109,6.523809524,3.777777778,2.746031746,
172,113,6.523809524,4.692307692,1.831501832,
172,115,6.523809524,3.636363636,2.887445888,
172,115,6.523809524,3.636363636,2.887445888,
172,118,6.523809524,5.25,1.273809524,
172,119,6.523809524,3.888888889,2.634920635,
172,123,6.523809524,5.454545455,1.069264069,
172,134,6.523809524,4.363636364,2.16017316,
172,149,6.523809524,4,2.523809524,
172,159,6.523809524,2.333333333,4.190476191,
172,160,6.523809524,4,2.523809524,
172,169,6.523809524,4.333333333,2.190476191,
172,182,6.523809524,6.428571429,0.095238095,
172,183,6.523809524,4.111111111,2.412698413,
172,185,6.523809524,5.071428571,1.452380953,
172,188,6.523809524,3.529411765,2.994397759,
172,206,6.523809524,4.4375,2.086309524,
172,207,6.523809524,4.333333333,2.190476191,
172,210,6.523809524,4.833333333,1.690476191,
172,211,6.523809524,4.625,1.898809524,
172,211,6.523809524,4.625,1.898809524,
172,215,6.523809524,3.555555556,2.968253968,
172,217,6.523809524,5.3125,1.211309524,
172,226,6.523809524,5.066666667,1.457142857,
172,227,6.523809524,4.733333333,1.790476191,
172,229,6.523809524,3,3.523809524,
172,237,6.523809524,4.384615385,2.139194139,
172,245,6.523809524,4.75,1.773809524,
172,268,6.523809524,5.25,1.273809524,
172,286,6.523809524,5.9,0.623809524,
172,315,6.523809524,3.375,3.148809524,
172,316,6.523809524,5.833333333,0.690476191,
172,328,6.523809524,4.615384615,1.908424909,
172,329,6.523809524,4.916666667,1.607142857,
172,332,6.523809524,3.666666667,2.857142857,
172,334,6.523809524,5.909090909,0.614718615,
172,335,6.523809524,6.888888889,0.365079365,
172,348,6.523809524,3.285714286,3.238095238,
172,w14,6.523809524,6.833333333,0.309523809,
172,w5,6.523809524,6.333333333,0.190476191,
177,328,4,4.615384615,0.615384615,
181,132,5.818181818,3.2,2.618181818,
181,267,5.818181818,3.888888889,1.929292929,
181,268,5.818181818,5.25,0.568181818,
182,24,6.428571429,4.1,2.328571429,
182,34,6.428571429,2.857142857,3.571428572,
182,36,6.428571429,3.733333333,2.695238096,
182,122,6.428571429,4.555555556,1.873015873,
182,122,6.428571429,4.555555556,1.873015873,
182,141,6.428571429,2.375,4.053571429,
182,190,6.428571429,3.285714286,3.142857143,
182,215,6.428571429,3.555555556,2.873015873,
182,235,6.428571429,7.125,0.696428571,
182,249,6.428571429,4.090909091,2.337662338,
182,253,6.428571429,5,1.428571429,
182,259,6.428571429,2.25,4.178571429,
182,262,6.428571429,5,1.428571429,
182,270,6.428571429,6,0.428571429,
182,282,6.428571429,5.6,0.828571429,
182,293,6.428571429,3.636363636,2.792207793,
182,322,6.428571429,4.294117647,2.134453782,
182,328,6.428571429,4.615384615,1.813186814,
183,160,4.111111111,4,0.111111111,
184,59,5,4,1,
184,70,5,4.090909091,0.909090909,
184,139,5,2.333333333,2.666666667,
184,258,5,4.285714286,0.714285714,
184,w16,5,5.25,0.25,
185,15,5.071428571,4,1.071428571,
185,24,5.071428571,4.1,0.971428571,
185,55,5.071428571,1.888888889,3.182539682,
185,76,5.071428571,4.4,0.671428571,
185,107,5.071428571,4.4,0.671428571,
185,180,5.071428571,3.5,1.571428571,
185,195,5.071428571,4.666666667,0.404761904,
186,281,5.428571429,4.75,0.678571429,
188,42,3.529411765,3.857142857,0.327731092,
188,144,3.529411765,4,0.470588235,
188,213,3.529411765,3,0.529411765,
188,349,3.529411765,4.3,0.770588235,
192,247,3.75,4.25,0.5,
192,318,3.75,3.05,0.7,
199,2,4.777777778,4.444444444,0.333333334,
199,150,4.777777778,4,0.777777778,
199,184,4.777777778,5,0.222222222,
199,209,4.777777778,3.583333333,1.194444445,
199,291,4.777777778,4.6,0.177777778,
199,310,4.777777778,5.3125,0.534722222,
199,326,4.777777778,4,0.777777778,
200,28,4.846153846,4.555555556,0.29059829,
200,38,4.846153846,2.6,2.246153846,
200,43,4.846153846,4.789473684,0.056680162,
200,85,4.846153846,3.857142857,0.989010989,
200,88,4.846153846,4.454545455,0.391608391,
200,90,4.846153846,3.5,1.346153846,
200,119,4.846153846,3.888888889,0.957264957,
200,123,4.846153846,5.454545455,0.608391609,
200,137,4.846153846,5.125,0.278846154,
200,139,4.846153846,2.333333333,2.512820513,
200,144,4.846153846,4,0.846153846,
200,186,4.846153846,5.428571429,0.582417583,
200,215,4.846153846,3.555555556,1.29059829,
200,221,4.846153846,4.1,0.746153846,
200,234,4.846153846,4.076923077,0.769230769,
200,251,4.846153846,4.363636364,0.482517482,
200,258,4.846153846,4.285714286,0.56043956,
200,259,4.846153846,2.25,2.596153846,
200,279,4.846153846,2.727272727,2.118881119,
200,281,4.846153846,4.75,0.096153846,
200,282,4.846153846,5.6,0.753846154,
200,284,4.846153846,3.636363636,1.20979021,
200,298,4.846153846,6.4,1.553846154,
200,299,4.846153846,6.363636364,1.517482518,
200,304,4.846153846,2.888888889,1.957264957,
200,306,4.846153846,5.090909091,0.244755245,
200,315,4.846153846,3.375,1.471153846,
200,319,4.846153846,3.818181818,1.027972028,
200,336,4.846153846,5.333333333,0.487179487,
200,348,4.846153846,3.285714286,1.56043956,
200,349,4.846153846,4.3,0.546153846,
201,326,4.8,4,0.8,
201,335,4.8,6.888888889,2.088888889,
203,26,5.333333333,6,0.666666667,
203,41,5.333333333,3.875,1.458333333,
203,119,5.333333333,3.888888889,1.444444444,
203,186,5.333333333,5.428571429,0.095238096,
203,193,5.333333333,4.692307692,0.641025641,
203,255,5.333333333,4.444444444,0.888888889,
203,300,5.333333333,2.8,2.533333333,
203,323,5.333333333,2.272727273,3.06060606,
204,120,2.846153846,4.714285714,1.868131868,
207,51,4.333333333,4.785714286,0.452380953,
207,54,4.333333333,3.071428571,1.261904762,
207,55,4.333333333,1.888888889,2.444444444,
207,108,4.333333333,4.578947368,0.245614035,
207,113,4.333333333,4.692307692,0.358974359,
207,133,4.333333333,5,0.666666667,
207,148,4.333333333,3.875,0.458333333,
207,148,4.333333333,3.875,0.458333333,
207,151,4.333333333,3.25,1.083333333,
207,218,4.333333333,3.333333333,1,
207,228,4.333333333,6,1.666666667,
207,238,4.333333333,3.125,1.208333333,
207,267,4.333333333,3.888888889,0.444444444,
207,268,4.333333333,5.25,0.916666667,
207,277,4.333333333,4.333333333,0,
207,307,4.333333333,2.125,2.208333333,
209,0,3.583333333,2.625,0.958333333,
210,95,4.833333333,3.111111111,1.722222222,
210,143,4.833333333,4.181818182,0.651515151,
210,295,4.833333333,4.166666667,0.666666666,
210,336,4.833333333,5.333333333,0.5,
211,7,4.625,3.8125,0.8125,
211,25,4.625,3.555555556,1.069444444,
211,65,4.625,4.25,0.375,
211,80,4.625,3.777777778,0.847222222,
211,91,4.625,3.6,1.025,
211,109,4.625,3.777777778,0.847222222,
211,130,4.625,5,0.375,
211,131,4.625,4.666666667,0.041666667,
211,131,4.625,4.666666667,0.041666667,
211,149,4.625,4,0.625,
211,181,4.625,5.818181818,1.193181818,
211,193,4.625,4.692307692,0.067307692,
211,196,4.625,4.666666667,0.041666667,
211,270,4.625,6,1.375,
211,322,4.625,4.294117647,0.330882353,
211,w17,4.625,5.333333333,0.708333333,
211,w9,4.625,7.166666667,2.541666667,
212,2,4,4.444444444,0.444444444,
212,346,4,5.7,1.7,
213,154,3,3.272727273,0.272727273,
222,43,3.454545455,4.789473684,1.334928229,
222,211,3.454545455,4.625,1.170454545,
224,157,4.222222222,3.454545455,0.767676767,
224,169,4.222222222,4.333333333,0.111111111,
226,97,5.066666667,4.181818182,0.884848485,
228,19,6,4,2,
228,25,6,3.555555556,2.444444444,
228,36,6,3.733333333,2.266666667,
228,37,6,5.363636364,0.636363636,
228,38,6,2.6,3.4,
228,66,6,3.25,2.75,
228,91,6,3.6,2.4,
228,93,6,6.666666667,0.666666667,
228,103,6,5.571428571,0.428571429,
228,104,6,5,1,
228,123,6,5.454545455,0.545454545,
228,134,6,4.363636364,1.636363636,
228,136,6,5,1,
228,147,6,3.181818182,2.818181818,
228,150,6,4,2,
228,159,6,2.333333333,3.666666667,
228,163,6,2.818181818,3.181818182,
228,178,6,4.928571429,1.071428571,
228,182,6,6.428571429,0.428571429,
228,191,6,4.111111111,1.888888889,
228,204,6,2.846153846,3.153846154,
228,220,6,3,3,
228,234,6,4.076923077,1.923076923,
228,244,6,4.571428571,1.428571429,
228,250,6,5.75,0.25,
228,254,6,4,2,
228,261,6,4.222222222,1.777777778,
228,270,6,6,0,
228,287,6,4.466666667,1.533333333,
228,306,6,5.090909091,0.909090909,
228,317,6,4.583333333,1.416666667,
228,328,6,4.615384615,1.384615385,
228,330,6,4.888888889,1.111111111,
228,330,6,4.888888889,1.111111111,
228,w4,6,4.7,1.3,
230,21,6.5,4.636363636,1.863636364,
230,49,6.5,4.2,2.3,
230,51,6.5,4.785714286,1.714285714,
230,65,6.5,4.25,2.25,
230,76,6.5,4.4,2.1,
230,105,6.5,3,3.5,
230,134,6.5,4.363636364,2.136363636,
230,145,6.5,4.375,2.125,
230,188,6.5,3.529411765,2.970588235,
230,224,6.5,4.222222222,2.277777778,
230,265,6.5,5.25,1.25,
230,303,6.5,3.5,3,
230,310,6.5,5.3125,1.1875,
230,345,6.5,5.615384615,0.884615385,
231,19,5.818181818,4,1.818181818,
231,50,5.818181818,6.142857143,0.324675325,
231,78,5.818181818,3.2,2.618181818,
231,95,5.818181818,3.111111111,2.707070707,
231,106,5.818181818,6.142857143,0.324675325,
231,106,5.818181818,6.142857143,0.324675325,
231,120,5.818181818,4.714285714,1.103896104,
231,123,5.818181818,5.454545455,0.363636363,
231,135,5.818181818,5.285714286,0.532467532,
231,142,5.818181818,5.777777778,0.04040404,
231,159,5.818181818,2.333333333,3.484848485,
231,162,5.818181818,4.071428571,1.746753247,
231,174,5.818181818,4.363636364,1.454545454,
231,195,5.818181818,4.666666667,1.151515151,
231,212,5.818181818,4,1.818181818,
231,223,5.818181818,1.833333333,3.984848485,
231,238,5.818181818,3.125,2.693181818,
231,247,5.818181818,4.25,1.568181818,
231,299,5.818181818,6.363636364,0.545454546,
231,300,5.818181818,2.8,3.018181818,
231,314,5.818181818,2.25,3.568181818,
231,322,5.818181818,4.294117647,1.524064171,
231,347,5.818181818,6.25,0.431818182,
233,78,3.9,3.2,0.7,
233,142,3.9,5.777777778,1.877777778,
233,144,3.9,4,0.1,
233,238,3.9,3.125,0.775,
233,250,3.9,5.75,1.85,
233,305,3.9,4,0.1,
233,328,3.9,4.615384615,0.715384615,
234,77,4.076923077,3.454545455,0.622377622,
234,176,4.076923077,3.764705882,0.312217195,
234,184,4.076923077,5,0.923076923,
234,284,4.076923077,3.636363636,0.440559441,
235,27,7.125,5.5,1.625,
235,30,7.125,3.1,4.025,
235,55,7.125,1.888888889,5.236111111,
235,93,7.125,6.666666667,0.458333333,
235,135,7.125,5.285714286,1.839285714,
235,183,7.125,4.111111111,3.013888889,
235,197,7.125,4.25,2.875,
235,291,7.125,4.6,2.525,
235,316,7.125,5.833333333,1.291666667,
235,330,7.125,4.888888889,2.236111111,
238,57,3.125,3.7,0.575,
241,135,4.923076923,5.285714286,0.362637363,
241,318,4.923076923,3.05,1.873076923,
249,8,4.090909091,4.2,0.109090909,
249,29,4.090909091,4.4,0.309090909,
249,67,4.090909091,4.888888889,0.797979798,
249,82,4.090909091,3.714285714,0.376623377,
249,90,4.090909091,3.5,0.590909091,
249,157,4.090909091,3.454545455,0.636363636,
249,189,4.090909091,3,1.090909091,
249,196,4.090909091,4.666666667,0.575757576,
249,213,4.090909091,3,1.090909091,
249,234,4.090909091,4.076923077,0.013986014,
249,257,4.090909091,4.5,0.409090909,
249,260,4.090909091,4.818181818,0.727272727,
249,312,4.090909091,2.727272727,1.363636364,
249,320,4.090909091,5.5,1.409090909,
249,339,4.090909091,6.846153846,2.755244755,
249,w5,4.090909091,6.333333333,2.242424242,
250,15,5.75,4,1.75,
250,27,5.75,5.5,0.25,
250,39,5.75,4.5,1.25,
250,42,5.75,3.857142857,1.892857143,
250,60,5.75,4.333333333,1.416666667,
250,140,5.75,3.125,2.625,
250,180,5.75,3.5,2.25,
250,188,5.75,3.529411765,2.220588235,
250,198,5.75,5.8,0.05,
250,207,5.75,4.333333333,1.416666667,
250,235,5.75,7.125,1.375,
250,240,5.75,4.714285714,1.035714286,
250,241,5.75,4.923076923,0.826923077,
250,245,5.75,4.75,1,
252,22,4.125,3,1.125,
252,111,4.125,5.75,1.625,
252,156,4.125,2.882352941,1.242647059,
252,248,4.125,4.571428571,0.446428571,
252,282,4.125,5.6,1.475,
252,305,4.125,4,0.125,
252,306,4.125,5.090909091,0.965909091,
252,323,4.125,2.272727273,1.852272727,
252,w11,4.125,5.25,1.125,
254,63,4,3.6,0.4,
258,1,4.285714286,3.666666667,0.619047619,
258,18,4.285714286,4,0.285714286,
258,34,4.285714286,2.857142857,1.428571429,
258,46,4.285714286,3.714285714,0.571428572,
258,49,4.285714286,4.2,0.085714286,
258,63,4.285714286,3.6,0.685714286,
258,69,4.285714286,3.6,0.685714286,
258,70,4.285714286,4.090909091,0.194805195,
258,86,4.285714286,4.25,0.035714286,
258,88,4.285714286,4.454545455,0.168831169,
258,101,4.285714286,4.181818182,0.103896104,
258,123,4.285714286,5.454545455,1.168831169,
258,137,4.285714286,5.125,0.839285714,
258,139,4.285714286,2.333333333,1.952380953,
258,146,4.285714286,3.714285714,0.571428572,
258,159,4.285714286,2.333333333,1.952380953,
258,161,4.285714286,5.090909091,0.805194805,
258,174,4.285714286,4.363636364,0.077922078,
258,176,4.285714286,3.764705882,0.521008404,
258,223,4.285714286,1.833333333,2.452380953,
258,247,4.285714286,4.25,0.035714286,
258,265,4.285714286,5.25,0.964285714,
258,275,4.285714286,4.133333333,0.152380953,
258,286,4.285714286,5.9,1.614285714,
258,315,4.285714286,3.375,0.910714286,
258,317,4.285714286,4.583333333,0.297619047,
258,326,4.285714286,4,0.285714286,
258,331,4.285714286,5.642857143,1.357142857,
258,333,4.285714286,3.666666667,0.619047619,
260,48,4.818181818,2.7,2.118181818,
262,237,5,4.384615385,0.615384615,
263,335,5.416666667,6.888888889,1.472222222,
265,1,5.25,3.666666667,1.583333333,
265,13,5.25,4.666666667,0.583333333,
265,18,5.25,4,1.25,
265,22,5.25,3,2.25,
265,55,5.25,1.888888889,3.361111111,
265,60,5.25,4.333333333,0.916666667,
265,70,5.25,4.090909091,1.159090909,
265,111,5.25,5.75,0.5,
265,113,5.25,4.692307692,0.557692308,
265,125,5.25,5.071428571,0.178571429,
265,131,5.25,4.666666667,0.583333333,
265,145,5.25,4.375,0.875,
265,166,5.25,3.0625,2.1875,
265,183,5.25,4.111111111,1.138888889,
265,192,5.25,3.75,1.5,
265,199,5.25,4.777777778,0.472222222,
265,204,5.25,2.846153846,2.403846154,
265,212,5.25,4,1.25,
265,239,5.25,3.111111111,2.138888889,
265,242,5.25,6.5,1.25,
265,264,5.25,3.333333333,1.916666667,
265,279,5.25,2.727272727,2.522727273,
265,281,5.25,4.75,0.5,
265,282,5.25,5.6,0.35,
265,289,5.25,3.933333333,1.316666667,
265,318,5.25,3.05,2.2,
265,319,5.25,3.818181818,1.431818182,
265,321,5.25,4.636363636,0.613636364,
265,338,5.25,5.125,0.125,
267,34,3.888888889,2.857142857,1.031746032,
267,44,3.888888889,4,0.111111111,
267,54,3.888888889,3.071428571,0.817460318,
267,56,3.888888889,3.142857143,0.746031746,
267,80,3.888888889,3.777777778,0.111111111,
267,97,3.888888889,4.181818182,0.292929293,
267,128,3.888888889,3.636363636,0.252525253,
267,146,3.888888889,3.714285714,0.174603175,
267,152,3.888888889,5.2,1.311111111,
267,159,3.888888889,2.333333333,1.555555556,
267,161,3.888888889,5.090909091,1.202020202,
267,334,3.888888889,5.909090909,2.02020202,
268,0,5.25,2.625,2.625,
268,7,5.25,3.8125,1.4375,
268,24,5.25,4.1,1.15,
268,25,5.25,3.555555556,1.694444444,
268,26,5.25,6,0.75,
268,37,5.25,5.363636364,0.113636364,
268,38,5.25,2.6,2.65,
268,52,5.25,4.333333333,0.916666667,
268,65,5.25,4.25,1,
268,70,5.25,4.090909091,1.159090909,
268,73,5.25,4.4375,0.8125,
268,76,5.25,4.4,0.85,
268,86,5.25,4.25,1,
268,90,5.25,3.5,1.75,
268,93,5.25,6.666666667,1.416666667,
268,94,5.25,4.461538462,0.788461538,
268,102,5.25,3.5,1.75,
268,103,5.25,5.571428571,0.321428571,
268,113,5.25,4.692307692,0.557692308,
268,135,5.25,5.285714286,0.035714286,
268,139,5.25,2.333333333,2.916666667,
268,142,5.25,5.777777778,0.527777778,
268,145,5.25,4.375,0.875,
268,147,5.25,3.181818182,2.068181818,
268,176,5.25,3.764705882,1.485294118,
268,184,5.25,5,0.25,
268,192,5.25,3.75,1.5,
268,192,5.25,3.75,1.5,
268,193,5.25,4.692307692,0.557692308,
268,193,5.25,4.692307692,0.557692308,
268,195,5.25,4.666666667,0.583333333,
268,199,5.25,4.777777778,0.472222222,
268,203,5.25,5.333333333,0.083333333,
268,213,5.25,3,2.25,
268,218,5.25,3.333333333,1.916666667,
268,219,5.25,3.818181818,1.431818182,
268,228,5.25,6,0.75,
268,247,5.25,4.25,1,
268,247,5.25,4.25,1,
268,261,5.25,4.222222222,1.027777778,
268,265,5.25,5.25,0,
268,274,5.25,5.3,0.05,
268,278,5.25,4.416666667,0.833333333,
268,286,5.25,5.9,0.65,
268,289,5.25,3.933333333,1.316666667,
268,290,5.25,4.5,0.75,
268,305,5.25,4,1.25,
268,306,5.25,5.090909091,0.159090909,
268,311,5.25,2.928571429,2.321428571,
268,312,5.25,2.727272727,2.522727273,
268,314,5.25,2.25,3,
268,320,5.25,5.5,0.25,
268,336,5.25,5.333333333,0.083333333,
268,347,5.25,6.25,1,
268,349,5.25,4.3,0.95,
268,w11,5.25,5.25,0,
269,14,7.0625,3,4.0625,
269,15,7.0625,4,3.0625,
269,32,7.0625,5.272727273,1.789772727,
269,32,7.0625,5.272727273,1.789772727,
269,43,7.0625,4.789473684,2.273026316,
269,45,7.0625,5.846153846,1.216346154,
269,48,7.0625,2.7,4.3625,
269,49,7.0625,4.2,2.8625,
269,55,7.0625,1.888888889,5.173611111,
269,95,7.0625,3.111111111,3.951388889,
269,99,7.0625,3.333333333,3.729166667,
269,101,7.0625,4.181818182,2.880681818,
269,102,7.0625,3.5,3.5625,
269,106,7.0625,6.142857143,0.919642857,
269,108,7.0625,4.578947368,2.483552632,
269,111,7.0625,5.75,1.3125,
269,132,7.0625,3.2,3.8625,
269,134,7.0625,4.363636364,2.698863636,
269,141,7.0625,2.375,4.6875,
269,147,7.0625,3.181818182,3.880681818,
269,152,7.0625,5.2,1.8625,
269,158,7.0625,5.428571429,1.633928571,
269,174,7.0625,4.363636364,2.698863636,
269,182,7.0625,6.428571429,0.633928571,
269,186,7.0625,5.428571429,1.633928571,
269,189,7.0625,3,4.0625,
269,191,7.0625,4.111111111,2.951388889,
269,194,7.0625,2.375,4.6875,
269,215,7.0625,3.555555556,3.506944444,
269,220,7.0625,3,4.0625,
269,221,7.0625,4.1,2.9625,
269,224,7.0625,4.222222222,2.840277778,
269,228,7.0625,6,1.0625,
269,243,7.0625,5,2.0625,
269,251,7.0625,4.363636364,2.698863636,
269,258,7.0625,4.285714286,2.776785714,
269,258,7.0625,4.285714286,2.776785714,
269,263,7.0625,5.416666667,1.645833333,
269,267,7.0625,3.888888889,3.173611111,
269,286,7.0625,5.9,1.1625,
269,291,7.0625,4.6,2.4625,
269,292,7.0625,4.285714286,2.776785714,
269,312,7.0625,2.727272727,4.335227273,
269,322,7.0625,4.294117647,2.768382353,
270,7,6,3.8125,2.1875,
270,15,6,4,2,
270,17,6,4.666666667,1.333333333,
270,18,6,4,2,
270,20,6,4,2,
270,28,6,4.555555556,1.444444444,
270,69,6,3.6,2.4,
270,104,6,5,1,
270,117,6,4.285714286,1.714285714,
270,128,6,3.636363636,2.363636364,
270,164,6,5.4,0.6,
270,172,6,6.523809524,0.523809524,
270,223,6,1.833333333,4.166666667,
270,229,6,3,3,
270,236,6,2.555555556,3.444444444,
270,248,6,4.571428571,1.428571429,
270,253,6,5,1,
270,274,6,5.3,0.7,
270,306,6,5.090909091,0.909090909,
270,315,6,3.375,2.625,
270,346,6,5.7,0.3,
270,w17,6,5.333333333,0.666666667,
274,94,5.3,4.461538462,0.838461538,
274,170,5.3,5.666666667,0.366666667,
274,191,5.3,4.111111111,1.188888889,
274,244,5.3,4.571428571,0.728571429,
274,339,5.3,6.846153846,1.546153846,
276,324,6.333333333,3.75,2.583333333,
276,331,6.333333333,5.642857143,0.69047619,
278,1,4.416666667,3.666666667,0.75,
278,1,4.416666667,3.666666667,0.75,
278,11,4.416666667,4.7,0.283333333,
278,33,4.416666667,6.222222222,1.805555555,
278,73,4.416666667,4.4375,0.020833333,
278,77,4.416666667,3.454545455,0.962121212,
278,83,4.416666667,3,1.416666667,
278,97,4.416666667,4.181818182,0.234848485,
278,105,4.416666667,3,1.416666667,
278,109,4.416666667,3.777777778,0.638888889,
278,143,4.416666667,4.181818182,0.234848485,
278,159,4.416666667,2.333333333,2.083333334,
278,162,4.416666667,4.071428571,0.345238096,
278,222,4.416666667,3.454545455,0.962121212,
278,230,4.416666667,6.5,2.083333333,
278,244,4.416666667,4.571428571,0.154761904,
278,269,4.416666667,7.0625,2.645833333,
278,310,4.416666667,5.3125,0.895833333,
278,314,4.416666667,2.25,2.166666667,
278,318,4.416666667,3.05,1.366666667,
278,320,4.416666667,5.5,1.083333333,
278,323,4.416666667,2.272727273,2.143939394,
278,337,4.416666667,6.384615385,1.967948718,
278,348,4.416666667,3.285714286,1.130952381,
279,270,2.727272727,6,3.272727273,
281,170,4.75,5.666666667,0.916666667,
281,336,4.75,5.333333333,0.583333333,
286,10,5.9,4.714285714,1.185714286,
286,19,5.9,4,1.9,
286,24,5.9,4.1,1.8,
286,62,5.9,2.9,3,
286,63,5.9,3.6,2.3,
286,79,5.9,2.2,3.7,
286,80,5.9,3.777777778,2.122222222,
286,82,5.9,3.714285714,2.185714286,
286,90,5.9,3.5,2.4,
286,94,5.9,4.461538462,1.438461538,
286,121,5.9,5.5625,0.3375,
286,122,5.9,4.555555556,1.344444444,
286,140,5.9,3.125,2.775,
286,140,5.9,3.125,2.775,
286,152,5.9,5.2,0.7,
286,163,5.9,2.818181818,3.081818182,
286,164,5.9,5.4,0.5,
286,172,5.9,6.523809524,0.623809524,
286,174,5.9,4.363636364,1.536363636,
286,182,5.9,6.428571429,0.528571429,
286,188,5.9,3.529411765,2.370588235,
286,190,5.9,3.285714286,2.614285714,
286,192,5.9,3.75,2.15,
286,195,5.9,4.666666667,1.233333333,
286,202,5.9,3.8,2.1,
286,217,5.9,5.3125,0.5875,
286,220,5.9,3,2.9,
286,226,5.9,5.066666667,0.833333333,
286,234,5.9,4.076923077,1.823076923,
286,235,5.9,7.125,1.225,
286,249,5.9,4.090909091,1.809090909,
286,249,5.9,4.090909091,1.809090909,
286,255,5.9,4.444444444,1.455555556,
286,257,5.9,4.5,1.4,
286,261,5.9,4.222222222,1.677777778,
286,271,5.9,5.5,0.4,
286,287,5.9,4.466666667,1.433333333,
286,315,5.9,3.375,2.525,
286,317,5.9,4.583333333,1.316666667,
286,322,5.9,4.294117647,1.605882353,
286,331,5.9,5.642857143,0.257142857,
286,337,5.9,6.384615385,0.484615385,
286,341,5.9,6.454545455,0.554545455,
286,345,5.9,5.615384615,0.284615385,
286,w14,5.9,6.833333333,0.933333333,
286,w8,5.9,4.882352941,1.017647059,
287,8,4.466666667,4.2,0.266666667,
287,54,4.466666667,3.071428571,1.395238096,
287,60,4.466666667,4.333333333,0.133333334,
287,108,4.466666667,4.578947368,0.112280701,
287,162,4.466666667,4.071428571,0.395238096,
287,194,4.466666667,2.375,2.091666667,
289,106,3.933333333,6.142857143,2.20952381,
289,149,3.933333333,4,0.066666667,
289,245,3.933333333,4.75,0.816666667,
289,w0,3.933333333,5.714285714,1.780952381,
289,w9,3.933333333,7.166666667,3.233333334,
294,78,4.923076923,3.2,1.723076923,
294,80,4.923076923,3.777777778,1.145299145,
294,184,4.923076923,5,0.076923077,
294,239,4.923076923,3.111111111,1.811965812,
294,245,4.923076923,4.75,0.173076923,
294,322,4.923076923,4.294117647,0.628959276,
297,44,5.7,4,1.7,
297,224,5.7,4.222222222,1.477777778,
297,w1,5.7,5.888888889,0.188888889,
298,1,6.4,3.666666667,2.733333333,
298,18,6.4,4,2.4,
298,29,6.4,4.4,2,
298,41,6.4,3.875,2.525,
298,43,6.4,4.789473684,1.610526316,
298,45,6.4,5.846153846,0.553846154,
298,58,6.4,5.6,0.8,
298,100,6.4,4.272727273,2.127272727,
298,106,6.4,6.142857143,0.257142857,
298,108,6.4,4.578947368,1.821052632,
298,112,6.4,3.928571429,2.471428571,
298,158,6.4,5.428571429,0.971428571,
298,160,6.4,4,2.4,
298,172,6.4,6.523809524,0.123809524,
298,186,6.4,5.428571429,0.971428571,
298,211,6.4,4.625,1.775,
298,284,6.4,3.636363636,2.763636364,
298,319,6.4,3.818181818,2.581818182,
298,w19,6.4,4.333333333,2.066666667,
298,w5,6.4,6.333333333,0.066666667,
299,9,6.363636364,2.3,4.063636364,
299,13,6.363636364,4.666666667,1.696969697,
299,21,6.363636364,4.636363636,1.727272728,
299,25,6.363636364,3.555555556,2.808080808,
299,29,6.363636364,4.4,1.963636364,
299,30,6.363636364,3.1,3.263636364,
299,35,6.363636364,2.727272727,3.636363637,
299,43,6.363636364,4.789473684,1.57416268,
299,61,6.363636364,3.454545455,2.909090909,
299,72,6.363636364,4.545454545,1.818181819,
299,92,6.363636364,3.333333333,3.030303031,
299,101,6.363636364,4.181818182,2.181818182,
299,104,6.363636364,5,1.363636364,
299,112,6.363636364,3.928571429,2.435064935,
299,114,6.363636364,3.666666667,2.696969697,
299,130,6.363636364,5,1.363636364,
299,131,6.363636364,4.666666667,1.696969697,
299,132,6.363636364,3.2,3.163636364,
299,136,6.363636364,5,1.363636364,
299,137,6.363636364,5.125,1.238636364,
299,155,6.363636364,4.333333333,2.030303031,
299,161,6.363636364,5.090909091,1.272727273,
299,169,6.363636364,4.333333333,2.030303031,
299,172,6.363636364,6.523809524,0.16017316,
299,177,6.363636364,4,2.363636364,
299,191,6.363636364,4.111111111,2.252525253,
299,195,6.363636364,4.666666667,1.696969697,
299,199,6.363636364,4.777777778,1.585858586,
299,206,6.363636364,4.4375,1.926136364,
299,211,6.363636364,4.625,1.738636364,
299,219,6.363636364,3.818181818,2.545454546,
299,228,6.363636364,6,0.363636364,
299,230,6.363636364,6.5,0.136363636,
299,233,6.363636364,3.9,2.463636364,
299,235,6.363636364,7.125,0.761363636,
299,237,6.363636364,4.384615385,1.979020979,
299,251,6.363636364,4.363636364,2,
299,252,6.363636364,4.125,2.238636364,
299,253,6.363636364,5,1.363636364,
299,262,6.363636364,5,1.363636364,
299,264,6.363636364,3.333333333,3.030303031,
299,266,6.363636364,5.538461538,0.825174826,
299,269,6.363636364,7.0625,0.698863636,
299,276,6.363636364,6.333333333,0.030303031,
299,277,6.363636364,4.333333333,2.030303031,
299,295,6.363636364,4.166666667,2.196969697,
299,307,6.363636364,2.125,4.238636364,
299,312,6.363636364,2.727272727,3.636363637,
299,312,6.363636364,2.727272727,3.636363637,
299,314,6.363636364,2.25,4.113636364,
299,315,6.363636364,3.375,2.988636364,
299,320,6.363636364,5.5,0.863636364,
299,336,6.363636364,5.333333333,1.030303031,
299,340,6.363636364,5.2,1.163636364,
299,w0,6.363636364,5.714285714,0.64935065,
299,w14,6.363636364,6.833333333,0.469696969,
299,w15,6.363636364,5.142857143,1.220779221,
299,w19,6.363636364,4.333333333,2.030303031,
302,10,6.454545455,4.714285714,1.740259741,
302,59,6.454545455,4,2.454545455,
302,60,6.454545455,4.333333333,2.121212122,
302,78,6.454545455,3.2,3.254545455,
302,114,6.454545455,3.666666667,2.787878788,
302,128,6.454545455,3.636363636,2.818181819,
302,130,6.454545455,5,1.454545455,
302,137,6.454545455,5.125,1.329545455,
302,144,6.454545455,4,2.454545455,
302,172,6.454545455,6.523809524,0.069264069,
302,178,6.454545455,4.928571429,1.525974026,
302,181,6.454545455,5.818181818,0.636363637,
302,183,6.454545455,4.111111111,2.343434344,
302,186,6.454545455,5.428571429,1.025974026,
302,190,6.454545455,3.285714286,3.168831169,
302,205,6.454545455,4.545454545,1.90909091,
302,207,6.454545455,4.333333333,2.121212122,
302,223,6.454545455,1.833333333,4.621212122,
302,241,6.454545455,4.923076923,1.531468532,
302,260,6.454545455,4.818181818,1.636363637,
302,262,6.454545455,5,1.454545455,
302,289,6.454545455,3.933333333,2.521212122,
302,298,6.454545455,6.4,0.054545455,
302,337,6.454545455,6.384615385,0.06993007,
302,343,6.454545455,5.818181818,0.636363637,
302,345,6.454545455,5.615384615,0.83916084,
302,349,6.454545455,4.3,2.154545455,
302,w2,6.454545455,7.5,1.045454545,
306,222,5.090909091,3.454545455,1.636363636,
306,298,5.090909091,6.4,1.309090909,
317,122,4.583333333,4.555555556,0.027777777,
317,255,4.583333333,4.444444444,0.138888889,
319,0,3.818181818,2.625,1.193181818,
319,39,3.818181818,4.5,0.681818182,
319,182,3.818181818,6.428571429,2.610389611,
319,289,3.818181818,3.933333333,0.115151515,
319,291,3.818181818,4.6,0.781818182,
319,297,3.818181818,5.7,1.881818182,
320,82,5.5,3.714285714,1.785714286,
320,217,5.5,5.3125,0.1875,
320,278,5.5,4.416666667,1.083333333,
322,2,4.294117647,4.444444444,0.150326797,
322,101,4.294117647,4.181818182,0.112299465,
322,139,4.294117647,2.333333333,1.960784314,
322,165,4.294117647,5.3,1.005882353,
322,235,4.294117647,7.125,2.830882353,
324,15,3.75,4,0.25,
324,51,3.75,4.785714286,1.035714286,
326,7,4,3.8125,0.1875,
326,62,4,2.9,1.1,
326,73,4,4.4375,0.4375,
326,90,4,3.5,0.5,
326,93,4,6.666666667,2.666666667,
326,162,4,4.071428571,0.071428571,
326,166,4,3.0625,0.9375,
326,197,4,4.25,0.25,
326,204,4,2.846153846,1.153846154,
326,208,4,4.8,0.8,
326,251,4,4.363636364,0.363636364,
326,318,4,3.05,0.95,
326,w9,4,7.166666667,3.166666667,
328,13,4.615384615,4.666666667,0.051282052,
328,42,4.615384615,3.857142857,0.758241758,
328,45,4.615384615,5.846153846,1.230769231,
328,51,4.615384615,4.785714286,0.170329671,
328,54,4.615384615,3.071428571,1.543956044,
328,74,4.615384615,5.5,0.884615385,
328,88,4.615384615,4.454545455,0.16083916,
328,109,4.615384615,3.777777778,0.837606837,
328,191,4.615384615,4.111111111,0.504273504,
328,202,4.615384615,3.8,0.815384615,
328,226,4.615384615,5.066666667,0.451282052,
328,234,4.615384615,4.076923077,0.538461538,
328,267,4.615384615,3.888888889,0.726495726,
328,304,4.615384615,2.888888889,1.726495726,
328,w19,4.615384615,4.333333333,0.282051282,
329,9,4.916666667,2.3,2.616666667,
329,11,4.916666667,4.7,0.216666667,
329,23,4.916666667,3.75,1.166666667,
329,24,4.916666667,4.1,0.816666667,
329,27,4.916666667,5.5,0.583333333,
329,34,4.916666667,2.857142857,2.05952381,
329,36,4.916666667,3.733333333,1.183333334,
329,37,4.916666667,5.363636364,0.446969697,
329,37,4.916666667,5.363636364,0.446969697,
329,49,4.916666667,4.2,0.716666667,
329,50,4.916666667,6.142857143,1.226190476,
329,52,4.916666667,4.333333333,0.583333334,
329,76,4.916666667,4.4,0.516666667,
329,86,4.916666667,4.25,0.666666667,
329,86,4.916666667,4.25,0.666666667,
329,88,4.916666667,4.454545455,0.462121212,
329,111,4.916666667,5.75,0.833333333,
329,137,4.916666667,5.125,0.208333333,
329,140,4.916666667,3.125,1.791666667,
329,146,4.916666667,3.714285714,1.202380953,
329,158,4.916666667,5.428571429,0.511904762,
329,167,4.916666667,4.181818182,0.734848485,
329,175,4.916666667,4.315789474,0.600877193,
329,183,4.916666667,4.111111111,0.805555556,
329,188,4.916666667,3.529411765,1.387254902,
329,190,4.916666667,3.285714286,1.630952381,
329,191,4.916666667,4.111111111,0.805555556,
329,205,4.916666667,4.545454545,0.371212122,
329,223,4.916666667,1.833333333,3.083333334,
329,278,4.916666667,4.416666667,0.5,
329,278,4.916666667,4.416666667,0.5,
329,280,4.916666667,4,0.916666667,
329,295,4.916666667,4.166666667,0.75,
329,305,4.916666667,4,0.916666667,
329,313,4.916666667,3,1.916666667,
329,315,4.916666667,3.375,1.541666667,
329,317,4.916666667,4.583333333,0.333333334,
329,323,4.916666667,2.272727273,2.643939394,
329,324,4.916666667,3.75,1.166666667,
329,326,4.916666667,4,0.916666667,
329,327,4.916666667,3.4,1.516666667,
329,330,4.916666667,4.888888889,0.027777778,
329,339,4.916666667,6.846153846,1.929487179,
329,346,4.916666667,5.7,0.783333333,
329,w14,4.916666667,6.833333333,1.916666666,
329,w18,4.916666667,6.363636364,1.446969697,
330,132,4.888888889,3.2,1.688888889,
330,w1,4.888888889,5.888888889,1,
331,100,5.642857143,4.272727273,1.37012987,
331,287,5.642857143,4.466666667,1.176190476,
331,343,5.642857143,5.818181818,0.175324675,
332,30,3.666666667,3.1,0.566666667,
332,44,3.666666667,4,0.333333333,
332,160,3.666666667,4,0.333333333,
332,185,3.666666667,5.071428571,1.404761904,
332,w18,3.666666667,6.363636364,2.696969697,
332,w5,3.666666667,6.333333333,2.666666666,
334,43,5.909090909,4.789473684,1.119617225,
334,60,5.909090909,4.333333333,1.575757576,
334,66,5.909090909,3.25,2.659090909,
334,67,5.909090909,4.888888889,1.02020202,
334,107,5.909090909,4.4,1.509090909,
334,108,5.909090909,4.578947368,1.330143541,
334,129,5.909090909,4.444444444,1.464646465,
334,134,5.909090909,4.363636364,1.545454545,
334,158,5.909090909,5.428571429,0.48051948,
334,219,5.909090909,3.818181818,2.090909091,
334,221,5.909090909,4.1,1.809090909,
334,225,5.909090909,4.083333333,1.825757576,
334,247,5.909090909,4.25,1.659090909,
334,253,5.909090909,5,0.909090909,
334,261,5.909090909,4.222222222,1.686868687,
334,267,5.909090909,3.888888889,2.02020202,
334,270,5.909090909,6,0.090909091,
334,277,5.909090909,4.333333333,1.575757576,
334,278,5.909090909,4.416666667,1.492424242,
334,291,5.909090909,4.6,1.309090909,
334,306,5.909090909,5.090909091,0.818181818,
334,318,5.909090909,3.05,2.859090909,
334,328,5.909090909,4.615384615,1.293706294,
334,332,5.909090909,3.666666667,2.242424242,
334,336,5.909090909,5.333333333,0.575757576,
334,342,5.909090909,6.272727273,0.363636364,
334,w5,5.909090909,6.333333333,0.424242424,
335,20,6.888888889,4,2.888888889,
335,66,6.888888889,3.25,3.638888889,
335,86,6.888888889,4.25,2.638888889,
335,103,6.888888889,5.571428571,1.317460318,
335,177,6.888888889,4,2.888888889,
335,191,6.888888889,4.111111111,2.777777778,
335,219,6.888888889,3.818181818,3.070707071,
335,233,6.888888889,3.9,2.988888889,
335,249,6.888888889,4.090909091,2.797979798,
335,281,6.888888889,4.75,2.138888889,
335,292,6.888888889,4.285714286,2.603174603,
336,178,5.333333333,4.928571429,0.404761904,
336,209,5.333333333,3.583333333,1.75,
336,218,5.333333333,3.333333333,2,
336,320,5.333333333,5.5,0.166666667,
336,330,5.333333333,4.888888889,0.444444444,
337,45,6.384615385,5.846153846,0.538461539,
337,151,6.384615385,3.25,3.134615385,
337,328,6.384615385,4.615384615,1.76923077,
337,329,6.384615385,4.916666667,1.467948718,
338,97,5.125,4.181818182,0.943181818,
338,197,5.125,4.25,0.875,
338,335,5.125,6.888888889,1.763888889,
338,335,5.125,6.888888889,1.763888889,
339,0,6.846153846,2.625,4.221153846,
339,23,6.846153846,3.75,3.096153846,
339,46,6.846153846,3.714285714,3.131868132,
339,48,6.846153846,2.7,4.146153846,
339,49,6.846153846,4.2,2.646153846,
339,58,6.846153846,5.6,1.246153846,
339,69,6.846153846,3.6,3.246153846,
339,92,6.846153846,3.333333333,3.512820513,
339,95,6.846153846,3.111111111,3.735042735,
339,109,6.846153846,3.777777778,3.068376068,
339,137,6.846153846,5.125,1.721153846,
339,145,6.846153846,4.375,2.471153846,
339,150,6.846153846,4,2.846153846,
339,150,6.846153846,4,2.846153846,
339,160,6.846153846,4,2.846153846,
339,172,6.846153846,6.523809524,0.322344322,
339,173,6.846153846,4.461538462,2.384615384,
339,179,6.846153846,3.916666667,2.929487179,
339,183,6.846153846,4.111111111,2.735042735,
339,185,6.846153846,5.071428571,1.774725275,
339,188,6.846153846,3.529411765,3.316742081,
339,190,6.846153846,3.285714286,3.56043956,
339,193,6.846153846,4.692307692,2.153846154,
339,203,6.846153846,5.333333333,1.512820513,
339,223,6.846153846,1.833333333,5.012820513,
339,227,6.846153846,4.733333333,2.112820513,
339,231,6.846153846,5.818181818,1.027972028,
339,237,6.846153846,4.384615385,2.461538461,
339,237,6.846153846,4.384615385,2.461538461,
339,244,6.846153846,4.571428571,2.274725275,
339,251,6.846153846,4.363636364,2.482517482,
339,257,6.846153846,4.5,2.346153846,
339,260,6.846153846,4.818181818,2.027972028,
339,267,6.846153846,3.888888889,2.957264957,
339,267,6.846153846,3.888888889,2.957264957,
339,269,6.846153846,7.0625,0.216346154,
339,279,6.846153846,2.727272727,4.118881119,
339,286,6.846153846,5.9,0.946153846,
339,300,6.846153846,2.8,4.046153846,
339,305,6.846153846,4,2.846153846,
339,306,6.846153846,5.090909091,1.755244755,
339,328,6.846153846,4.615384615,2.230769231,
339,335,6.846153846,6.888888889,0.042735043,
340,9,5.2,2.3,2.9,
340,89,5.2,5.25,0.05,
340,91,5.2,3.6,1.6,
340,136,5.2,5,0.2,
340,254,5.2,4,1.2,
341,19,6.454545455,4,2.454545455,
341,30,6.454545455,3.1,3.354545455,
341,34,6.454545455,2.857142857,3.597402598,
341,36,6.454545455,3.733333333,2.721212122,
341,51,6.454545455,4.785714286,1.668831169,
341,77,6.454545455,3.454545455,3,
341,81,6.454545455,3.166666667,3.287878788,
341,91,6.454545455,3.6,2.854545455,
341,113,6.454545455,4.692307692,1.762237763,
341,122,6.454545455,4.555555556,1.898989899,
341,132,6.454545455,3.2,3.254545455,
341,133,6.454545455,5,1.454545455,
341,136,6.454545455,5,1.454545455,
341,139,6.454545455,2.333333333,4.121212122,
341,150,6.454545455,4,2.454545455,
341,153,6.454545455,4.2,2.254545455,
341,164,6.454545455,5.4,1.054545455,
341,165,6.454545455,5.3,1.154545455,
341,177,6.454545455,4,2.454545455,
341,184,6.454545455,5,1.454545455,
341,193,6.454545455,4.692307692,1.762237763,
341,213,6.454545455,3,3.454545455,
341,219,6.454545455,3.818181818,2.636363637,
341,219,6.454545455,3.818181818,2.636363637,
341,220,6.454545455,3,3.454545455,
341,223,6.454545455,1.833333333,4.621212122,
341,228,6.454545455,6,0.454545455,
341,236,6.454545455,2.555555556,3.898989899,
341,241,6.454545455,4.923076923,1.531468532,
341,243,6.454545455,5,1.454545455,
341,247,6.454545455,4.25,2.204545455,
341,260,6.454545455,4.818181818,1.636363637,
341,270,6.454545455,6,0.454545455,
341,275,6.454545455,4.133333333,2.321212122,
341,289,6.454545455,3.933333333,2.521212122,
341,290,6.454545455,4.5,1.954545455,
341,292,6.454545455,4.285714286,2.168831169,
341,293,6.454545455,3.636363636,2.818181819,
341,317,6.454545455,4.583333333,1.871212122,
341,335,6.454545455,6.888888889,0.434343434,
341,342,6.454545455,6.272727273,0.181818182,
341,346,6.454545455,5.7,0.754545455,
341,w2,6.454545455,7.5,1.045454545,
342,0,6.272727273,2.625,3.647727273,
342,8,6.272727273,4.2,2.072727273,
342,55,6.272727273,1.888888889,4.383838384,
342,69,6.272727273,3.6,2.672727273,
342,74,6.272727273,5.5,0.772727273,
342,76,6.272727273,4.4,1.872727273,
342,76,6.272727273,4.4,1.872727273,
342,89,6.272727273,5.25,1.022727273,
342,101,6.272727273,4.181818182,2.090909091,
342,150,6.272727273,4,2.272727273,
342,178,6.272727273,4.928571429,1.344155844,
342,205,6.272727273,4.545454545,1.727272728,
342,229,6.272727273,3,3.272727273,
342,261,6.272727273,4.222222222,2.050505051,
342,267,6.272727273,3.888888889,2.383838384,
342,274,6.272727273,5.3,0.972727273,
342,334,6.272727273,5.909090909,0.363636364,
342,339,6.272727273,6.846153846,0.573426573,
343,30,5.818181818,3.1,2.718181818,
343,44,5.818181818,4,1.818181818,
343,89,5.818181818,5.25,0.568181818,
343,114,5.818181818,3.666666667,2.151515151,
343,202,5.818181818,3.8,2.018181818,
343,238,5.818181818,3.125,2.693181818,
343,264,5.818181818,3.333333333,2.484848485,
343,274,5.818181818,5.3,0.518181818,
343,281,5.818181818,4.75,1.068181818,
343,314,5.818181818,2.25,3.568181818,
343,336,5.818181818,5.333333333,0.484848485,
343,w17,5.818181818,5.333333333,0.484848485,
343,w4,5.818181818,4.7,1.118181818,
344,210,5.416666667,4.833333333,0.583333334,
346,15,5.7,4,1.7,
346,149,5.7,4,1.7,
346,172,5.7,6.523809524,0.823809524,
346,186,5.7,5.428571429,0.271428571,
346,203,5.7,5.333333333,0.366666667,
346,283,5.7,5,0.7,
346,291,5.7,4.6,1.1,
346,342,5.7,6.272727273,0.572727273,
347,26,6.25,6,0.25,
347,33,6.25,6.222222222,0.027777778,
347,96,6.25,3.588235294,2.661764706,
347,105,6.25,3,3.25,
347,131,6.25,4.666666667,1.583333333,
347,198,6.25,5.8,0.45,
347,235,6.25,7.125,0.875,
347,295,6.25,4.166666667,2.083333333,
347,343,6.25,5.818181818,0.431818182,
348,183,3.285714286,4.111111111,0.825396825,
349,19,4.3,4,0.3,
349,114,4.3,3.666666667,0.633333333,
349,136,4.3,5,0.7,
349,154,4.3,3.272727273,1.027272727,
349,213,4.3,3,1.3,
349,229,4.3,3,1.3,
w0,7,5.714285714,3.8125,1.901785714,
w0,35,5.714285714,2.727272727,2.987012987,
w0,39,5.714285714,4.5,1.214285714,
w0,83,5.714285714,3,2.714285714,
w0,106,5.714285714,6.142857143,0.428571429,
w0,107,5.714285714,4.4,1.314285714,
w0,115,5.714285714,3.636363636,2.077922078,
w0,122,5.714285714,4.555555556,1.158730158,
w0,148,5.714285714,3.875,1.839285714,
w0,160,5.714285714,4,1.714285714,
w0,174,5.714285714,4.363636364,1.35064935,
w0,180,5.714285714,3.5,2.214285714,
w0,182,5.714285714,6.428571429,0.714285715,
w0,185,5.714285714,5.071428571,0.642857143,
w0,196,5.714285714,4.666666667,1.047619047,
w0,223,5.714285714,1.833333333,3.880952381,
w0,244,5.714285714,4.571428571,1.142857143,
w0,275,5.714285714,4.133333333,1.580952381,
w0,276,5.714285714,6.333333333,0.619047619,
w0,283,5.714285714,5,0.714285714,
w0,295,5.714285714,4.166666667,1.547619047,
w0,297,5.714285714,5.7,0.014285714,
w0,304,5.714285714,2.888888889,2.825396825,
w0,313,5.714285714,3,2.714285714,
w0,343,5.714285714,5.818181818,0.103896104,
w0,w18,5.714285714,6.363636364,0.64935065,
w0,w4,5.714285714,4.7,1.014285714,
w1,24,5.888888889,4.1,1.788888889,
w1,72,5.888888889,4.545454545,1.343434344,
w1,79,5.888888889,2.2,3.688888889,
w1,122,5.888888889,4.555555556,1.333333333,
w1,133,5.888888889,5,0.888888889,
w1,151,5.888888889,3.25,2.638888889,
w1,169,5.888888889,4.333333333,1.555555556,
w1,179,5.888888889,3.916666667,1.972222222,
w1,189,5.888888889,3,2.888888889,
w1,214,5.888888889,3.25,2.638888889,
w1,218,5.888888889,3.333333333,2.555555556,
w1,241,5.888888889,4.923076923,0.965811966,
w1,250,5.888888889,5.75,0.138888889,
w1,255,5.888888889,4.444444444,1.444444445,
w1,264,5.888888889,3.333333333,2.555555556,
w1,267,5.888888889,3.888888889,2,
w1,277,5.888888889,4.333333333,1.555555556,
w1,282,5.888888889,5.6,0.288888889,
w1,300,5.888888889,2.8,3.088888889,
w1,317,5.888888889,4.583333333,1.305555556,
w1,343,5.888888889,5.818181818,0.070707071,
w1,w5,5.888888889,6.333333333,0.444444444,
w11,49,5.25,4.2,1.05,
w11,118,5.25,5.25,0,
w11,307,5.25,2.125,3.125,
w14,119,6.833333333,3.888888889,2.944444444,
w14,328,6.833333333,4.615384615,2.217948718,
w16,19,5.25,4,1.25,
w16,78,5.25,3.2,2.05,
w16,149,5.25,4,1.25,
w18,5,6.363636364,4.8,1.563636364,
w18,21,6.363636364,4.636363636,1.727272728,
w18,22,6.363636364,3,3.363636364,
w18,29,6.363636364,4.4,1.963636364,
w18,30,6.363636364,3.1,3.263636364,
w18,61,6.363636364,3.454545455,2.909090909,
w18,70,6.363636364,4.090909091,2.272727273,
w18,85,6.363636364,3.857142857,2.506493507,
w18,95,6.363636364,3.111111111,3.252525253,
w18,113,6.363636364,4.692307692,1.671328672,
w18,123,6.363636364,5.454545455,0.909090909,
w18,123,6.363636364,5.454545455,0.909090909,
w18,134,6.363636364,4.363636364,2,
w18,141,6.363636364,2.375,3.988636364,
w18,149,6.363636364,4,2.363636364,
w18,168,6.363636364,3.875,2.488636364,
w18,181,6.363636364,5.818181818,0.545454546,
w18,201,6.363636364,4.8,1.563636364,
w18,207,6.363636364,4.333333333,2.030303031,
w18,222,6.363636364,3.454545455,2.909090909,
w18,226,6.363636364,5.066666667,1.296969697,
w18,269,6.363636364,7.0625,0.698863636,
w18,277,6.363636364,4.333333333,2.030303031,
w18,283,6.363636364,5,1.363636364,
w18,302,6.363636364,6.454545455,0.090909091,
w18,304,6.363636364,2.888888889,3.474747475,
w18,311,6.363636364,2.928571429,3.435064935,
w18,315,6.363636364,3.375,2.988636364,
w18,340,6.363636364,5.2,1.163636364,
w18,w11,6.363636364,5.25,1.113636364,
w2,5,7.5,4.8,2.7,
w2,11,7.5,4.7,2.8,
w2,38,7.5,2.6,4.9,
w2,54,7.5,3.071428571,4.428571429,
w2,121,7.5,5.5625,1.9375,
w2,163,7.5,2.818181818,4.681818182,
w2,172,7.5,6.523809524,0.976190476,
w2,187,7.5,3.428571429,4.071428571,
w2,188,7.5,3.529411765,3.970588235,
w2,201,7.5,4.8,2.7,
w2,281,7.5,4.75,2.75,
w2,302,7.5,6.454545455,1.045454545,
w2,320,7.5,5.5,2,
w2,324,7.5,3.75,3.75,
w2,w9,7.5,7.166666667,0.333333333,
w4,259,4.7,2.25,2.45,
w4,264,4.7,3.333333333,1.366666667,
w5,w10,6.333333333,3.4,2.933333333,
w9,17,7.166666667,4.666666667,2.5,
w9,24,7.166666667,4.1,3.066666667,
w9,26,7.166666667,6,1.166666667,
w9,29,7.166666667,4.4,2.766666667,
w9,30,7.166666667,3.1,4.066666667,
w9,38,7.166666667,2.6,4.566666667,
w9,43,7.166666667,4.789473684,2.377192983,
w9,55,7.166666667,1.888888889,5.277777778,
w9,56,7.166666667,3.142857143,4.023809524,
w9,64,7.166666667,4.5,2.666666667,
w9,65,7.166666667,4.25,2.916666667,
w9,73,7.166666667,4.4375,2.729166667,
w9,99,7.166666667,3.333333333,3.833333334,
w9,104,7.166666667,5,2.166666667,
w9,112,7.166666667,3.928571429,3.238095238,
w9,122,7.166666667,4.555555556,2.611111111,
w9,125,7.166666667,5.071428571,2.095238096,
w9,128,7.166666667,3.636363636,3.530303031,
w9,130,7.166666667,5,2.166666667,
w9,143,7.166666667,4.181818182,2.984848485,
w9,145,7.166666667,4.375,2.791666667,
w9,148,7.166666667,3.875,3.291666667,
w9,149,7.166666667,4,3.166666667,
w9,156,7.166666667,2.882352941,4.284313726,
w9,162,7.166666667,4.071428571,3.095238096,
w9,162,7.166666667,4.071428571,3.095238096,
w9,170,7.166666667,5.666666667,1.5,
w9,175,7.166666667,4.315789474,2.850877193,
w9,179,7.166666667,3.916666667,3.25,
w9,180,7.166666667,3.5,3.666666667,
w9,187,7.166666667,3.428571429,3.738095238,
w9,189,7.166666667,3,4.166666667,
w9,197,7.166666667,4.25,2.916666667,
w9,198,7.166666667,5.8,1.366666667,
w9,199,7.166666667,4.777777778,2.388888889,
w9,204,7.166666667,2.846153846,4.320512821,
w9,206,7.166666667,4.4375,2.729166667,
w9,207,7.166666667,4.333333333,2.833333334,
w9,211,7.166666667,4.625,2.541666667,
w9,213,7.166666667,3,4.166666667,
w9,214,7.166666667,3.25,3.916666667,
w9,223,7.166666667,1.833333333,5.333333334,
w9,223,7.166666667,1.833333333,5.333333334,
w9,224,7.166666667,4.222222222,2.944444445,
w9,233,7.166666667,3.9,3.266666667,
w9,235,7.166666667,7.125,0.041666667,
w9,248,7.166666667,4.571428571,2.595238096,
w9,252,7.166666667,4.125,3.041666667,
w9,254,7.166666667,4,3.166666667,
w9,258,7.166666667,4.285714286,2.880952381,
w9,259,7.166666667,2.25,4.916666667,
w9,260,7.166666667,4.818181818,2.348484849,
w9,264,7.166666667,3.333333333,3.833333334,
w9,265,7.166666667,5.25,1.916666667,
w9,266,7.166666667,5.538461538,1.628205129,
w9,267,7.166666667,3.888888889,3.277777778,
w9,273,7.166666667,3,4.166666667,
w9,275,7.166666667,4.133333333,3.033333334,
w9,276,7.166666667,6.333333333,0.833333334,
w9,276,7.166666667,6.333333333,0.833333334,
w9,286,7.166666667,5.9,1.266666667,
w9,289,7.166666667,3.933333333,3.233333334,
w9,295,7.166666667,4.166666667,3,
w9,303,7.166666667,3.5,3.666666667,
w9,305,7.166666667,4,3.166666667,
w9,306,7.166666667,5.090909091,2.075757576,
w9,313,7.166666667,3,4.166666667,
w9,319,7.166666667,3.818181818,3.348484849,
w9,321,7.166666667,4.636363636,2.530303031,
w9,321,7.166666667,4.636363636,2.530303031,
w9,322,7.166666667,4.294117647,2.87254902,
w9,331,7.166666667,5.642857143,1.523809524,
w9,332,7.166666667,3.666666667,3.5,
w9,336,7.166666667,5.333333333,1.833333334,
w9,338,7.166666667,5.125,2.041666667,
w9,348,7.166666667,3.285714286,3.880952381,
w9,349,7.166666667,4.3,2.866666667,
w9,w10,7.166666667,3.4,3.766666667,
w9,w11,7.166666667,5.25,1.916666667,
w9,w17,7.166666667,5.333333333,1.833333334,
w9,w4,7.166666667,4.7,2.466666667,
