Website,Reineckeâ€™s ,NewScore
0,2.625,
0,2.625,
0,2.625,
0,2.625,
0,2.625,
0,2.625,
1,3.666666667,
1,3.666666667,
1,3.666666667,
1,3.666666667,
1,3.666666667,
1,3.666666667,
1,3.666666667,
2,4.444444444,
2,4.444444444,
2,4.444444444,
2,4.444444444,
2,4.444444444,
2,4.444444444,
2,4.444444444,
3,4.571428571,
5,4.8,
5,4.8,
5,4.8,
5,4.8,
5,4.8,
5,4.8,
7,3.8125,
7,3.8125,
7,3.8125,
7,3.8125,
7,3.8125,
7,3.8125,
8,4.2,
8,4.2,
8,4.2,
9,2.3,
9,2.3,
9,2.3,
10,4.714285714,
10,4.714285714,
10,4.714285714,
11,4.7,
11,4.7,
11,4.7,
11,4.7,
11,4.7,
11,4.7,
11,4.7,
11,4.7,
11,4.7,
13,4.666666667,
13,4.666666667,
13,4.666666667,
13,4.666666667,
14,3,
14,3,
14,3,
14,3,
15,4,
15,4,
15,4,
15,4,
15,4,
15,4,
15,4,
15,4,
17,4.666666667,
17,4.666666667,
17,4.666666667,
17,4.666666667,
17,4.666666667,
17,4.666666667,
18,4,
18,4,
18,4,
18,4,
18,4,
18,4,
18,4,
19,4,
19,4,
19,4,
19,4,
19,4,
19,4,
19,4,
19,4,
19,4,
19,4,
19,4,
19,4,
20,4,
20,4,
20,4,
20,4,
20,4,
21,4.636363636,
21,4.636363636,
21,4.636363636,
21,4.636363636,
21,4.636363636,
21,4.636363636,
21,4.636363636,
22,3,
22,3,
22,3,
22,3,
22,3,
23,3.75,
23,3.75,
23,3.75,
23,3.75,
24,4.1,
24,4.1,
24,4.1,
24,4.1,
24,4.1,
24,4.1,
24,4.1,
24,4.1,
25,3.555555556,
25,3.555555556,
25,3.555555556,
25,3.555555556,
25,3.555555556,
26,6,
26,6,
26,6,
26,6,
26,6,
26,6,
26,6,
26,6,
26,6,
26,6,
26,6,
26,6,
26,6,
26,6,
26,6,
26,6,
26,6,
26,6,
26,6,
26,6,
26,6,
26,6,
26,6,
26,6,
26,6,
26,6,
26,6,
26,6,
26,6,
26,6,
27,5.5,
27,5.5,
27,5.5,
27,5.5,
27,5.5,
27,5.5,
28,4.555555556,
28,4.555555556,
28,4.555555556,
28,4.555555556,
28,4.555555556,
28,4.555555556,
28,4.555555556,
29,4.4,
29,4.4,
29,4.4,
29,4.4,
29,4.4,
29,4.4,
29,4.4,
30,3.1,
30,3.1,
30,3.1,
30,3.1,
30,3.1,
30,3.1,
30,3.1,
30,3.1,
30,3.1,
32,5.272727273,
32,5.272727273,
32,5.272727273,
33,6.222222222,
33,6.222222222,
33,6.222222222,
33,6.222222222,
33,6.222222222,
33,6.222222222,
33,6.222222222,
33,6.222222222,
33,6.222222222,
33,6.222222222,
34,2.857142857,
34,2.857142857,
34,2.857142857,
34,2.857142857,
34,2.857142857,
35,2.727272727,
35,2.727272727,
35,2.727272727,
35,2.727272727,
36,3.733333333,
36,3.733333333,
36,3.733333333,
36,3.733333333,
36,3.733333333,
36,3.733333333,
37,5.363636364,
37,5.363636364,
37,5.363636364,
37,5.363636364,
37,5.363636364,
37,5.363636364,
37,5.363636364,
37,5.363636364,
37,5.363636364,
37,5.363636364,
37,5.363636364,
37,5.363636364,
37,5.363636364,
37,5.363636364,
37,5.363636364,
37,5.363636364,
37,5.363636364,
37,5.363636364,
37,5.363636364,
37,5.363636364,
37,5.363636364,
37,5.363636364,
37,5.363636364,
37,5.363636364,
37,5.363636364,
37,5.363636364,
37,5.363636364,
37,5.363636364,
37,5.363636364,
37,5.363636364,
37,5.363636364,
37,5.363636364,
37,5.363636364,
37,5.363636364,
37,5.363636364,
37,5.363636364,
37,5.363636364,
37,5.363636364,
37,5.363636364,
37,5.363636364,
37,5.363636364,
37,5.363636364,
37,5.363636364,
37,5.363636364,
37,5.363636364,
37,5.363636364,
37,5.363636364,
37,5.363636364,
37,5.363636364,
37,5.363636364,
37,5.363636364,
37,5.363636364,
37,5.363636364,
37,5.363636364,
38,2.6,
38,2.6,
38,2.6,
38,2.6,
38,2.6,
38,2.6,
39,4.5,
39,4.5,
39,4.5,
39,4.5,
39,4.5,
40,5,
40,5,
40,5,
40,5,
41,3.875,
41,3.875,
41,3.875,
41,3.875,
41,3.875,
42,3.857142857,
42,3.857142857,
42,3.857142857,
43,4.789473684,
43,4.789473684,
43,4.789473684,
43,4.789473684,
43,4.789473684,
43,4.789473684,
43,4.789473684,
43,4.789473684,
43,4.789473684,
43,4.789473684,
43,4.789473684,
43,4.789473684,
44,4,
44,4,
44,4,
44,4,
44,4,
44,4,
44,4,
44,4,
44,4,
44,4,
44,4,
44,4,
44,4,
44,4,
44,4,
44,4,
44,4,
44,4,
44,4,
44,4,
44,4,
44,4,
44,4,
44,4,
45,5.846153846,
45,5.846153846,
45,5.846153846,
45,5.846153846,
45,5.846153846,
45,5.846153846,
45,5.846153846,
45,5.846153846,
45,5.846153846,
45,5.846153846,
45,5.846153846,
45,5.846153846,
45,5.846153846,
45,5.846153846,
45,5.846153846,
45,5.846153846,
45,5.846153846,
46,3.714285714,
46,3.714285714,
46,3.714285714,
46,3.714285714,
46,3.714285714,
48,2.7,
48,2.7,
48,2.7,
48,2.7,
48,2.7,
49,4.2,
49,4.2,
49,4.2,
49,4.2,
49,4.2,
49,4.2,
49,4.2,
49,4.2,
49,4.2,
49,4.2,
49,4.2,
49,4.2,
50,6.142857143,
50,6.142857143,
50,6.142857143,
51,4.785714286,
51,4.785714286,
51,4.785714286,
51,4.785714286,
51,4.785714286,
51,4.785714286,
51,4.785714286,
51,4.785714286,
51,4.785714286,
51,4.785714286,
51,4.785714286,
51,4.785714286,
51,4.785714286,
51,4.785714286,
51,4.785714286,
51,4.785714286,
51,4.785714286,
51,4.785714286,
52,4.333333333,
52,4.333333333,
54,3.071428571,
54,3.071428571,
54,3.071428571,
54,3.071428571,
54,3.071428571,
54,3.071428571,
54,3.071428571,
55,1.888888889,
55,1.888888889,
55,1.888888889,
55,1.888888889,
55,1.888888889,
55,1.888888889,
55,1.888888889,
55,1.888888889,
56,3.142857143,
56,3.142857143,
56,3.142857143,
56,3.142857143,
57,3.7,
57,3.7,
58,5.6,
58,5.6,
58,5.6,
58,5.6,
59,4,
59,4,
60,4.333333333,
60,4.333333333,
60,4.333333333,
60,4.333333333,
60,4.333333333,
60,4.333333333,
61,3.454545455,
61,3.454545455,
61,3.454545455,
62,2.9,
62,2.9,
63,3.6,
63,3.6,
63,3.6,
63,3.6,
63,3.6,
63,3.6,
64,4.5,
64,4.5,
65,4.25,
65,4.25,
65,4.25,
65,4.25,
66,3.25,
66,3.25,
66,3.25,
66,3.25,
66,3.25,
66,3.25,
66,3.25,
67,4.888888889,
67,4.888888889,
67,4.888888889,
67,4.888888889,
67,4.888888889,
67,4.888888889,
67,4.888888889,
67,4.888888889,
67,4.888888889,
69,3.6,
69,3.6,
69,3.6,
69,3.6,
69,3.6,
70,4.090909091,
70,4.090909091,
70,4.090909091,
70,4.090909091,
70,4.090909091,
72,4.545454545,
72,4.545454545,
72,4.545454545,
72,4.545454545,
73,4.4375,
73,4.4375,
73,4.4375,
73,4.4375,
73,4.4375,
73,4.4375,
73,4.4375,
74,5.5,
74,5.5,
74,5.5,
74,5.5,
74,5.5,
74,5.5,
74,5.5,
76,4.4,
76,4.4,
76,4.4,
76,4.4,
76,4.4,
76,4.4,
76,4.4,
76,4.4,
76,4.4,
76,4.4,
76,4.4,
76,4.4,
77,3.454545455,
77,3.454545455,
77,3.454545455,
77,3.454545455,
77,3.454545455,
77,3.454545455,
77,3.454545455,
77,3.454545455,
77,3.454545455,
77,3.454545455,
77,3.454545455,
78,3.2,
78,3.2,
78,3.2,
78,3.2,
78,3.2,
78,3.2,
79,2.2,
79,2.2,
80,3.777777778,
80,3.777777778,
80,3.777777778,
80,3.777777778,
80,3.777777778,
80,3.777777778,
80,3.777777778,
81,3.166666667,
81,3.166666667,
81,3.166666667,
82,3.714285714,
82,3.714285714,
82,3.714285714,
82,3.714285714,
82,3.714285714,
83,3,
83,3,
85,3.857142857,
85,3.857142857,
85,3.857142857,
85,3.857142857,
85,3.857142857,
86,4.25,
86,4.25,
86,4.25,
86,4.25,
86,4.25,
86,4.25,
86,4.25,
86,4.25,
86,4.25,
86,4.25,
86,4.25,
86,4.25,
88,4.454545455,
88,4.454545455,
88,4.454545455,
88,4.454545455,
89,5.25,
89,5.25,
89,5.25,
89,5.25,
89,5.25,
89,5.25,
89,5.25,
89,5.25,
89,5.25,
89,5.25,
89,5.25,
89,5.25,
89,5.25,
89,5.25,
89,5.25,
89,5.25,
89,5.25,
89,5.25,
89,5.25,
89,5.25,
89,5.25,
89,5.25,
89,5.25,
89,5.25,
89,5.25,
89,5.25,
89,5.25,
89,5.25,
89,5.25,
89,5.25,
89,5.25,
89,5.25,
89,5.25,
89,5.25,
89,5.25,
89,5.25,
89,5.25,
89,5.25,
89,5.25,
89,5.25,
89,5.25,
89,5.25,
89,5.25,
89,5.25,
89,5.25,
89,5.25,
90,3.5,
90,3.5,
90,3.5,
90,3.5,
90,3.5,
90,3.5,
91,3.6,
91,3.6,
91,3.6,
91,3.6,
92,3.333333333,
92,3.333333333,
92,3.333333333,
92,3.333333333,
92,3.333333333,
92,3.333333333,
93,6.666666667,
93,6.666666667,
93,6.666666667,
93,6.666666667,
93,6.666666667,
93,6.666666667,
93,6.666666667,
94,4.461538462,
94,4.461538462,
94,4.461538462,
94,4.461538462,
94,4.461538462,
94,4.461538462,
95,3.111111111,
95,3.111111111,
95,3.111111111,
95,3.111111111,
95,3.111111111,
95,3.111111111,
95,3.111111111,
95,3.111111111,
95,3.111111111,
96,3.588235294,
96,3.588235294,
96,3.588235294,
97,4.181818182,
97,4.181818182,
97,4.181818182,
97,4.181818182,
97,4.181818182,
97,4.181818182,
98,4.5,
98,4.5,
98,4.5,
99,3.333333333,
99,3.333333333,
99,3.333333333,
99,3.333333333,
99,3.333333333,
99,3.333333333,
99,3.333333333,
99,3.333333333,
99,3.333333333,
99,3.333333333,
99,3.333333333,
100,4.272727273,
100,4.272727273,
100,4.272727273,
101,4.181818182,
101,4.181818182,
101,4.181818182,
101,4.181818182,
101,4.181818182,
101,4.181818182,
101,4.181818182,
102,3.5,
102,3.5,
102,3.5,
103,5.571428571,
103,5.571428571,
103,5.571428571,
103,5.571428571,
103,5.571428571,
103,5.571428571,
103,5.571428571,
103,5.571428571,
103,5.571428571,
104,5,
104,5,
104,5,
104,5,
105,3,
105,3,
105,3,
105,3,
105,3,
106,6.142857143,
106,6.142857143,
106,6.142857143,
106,6.142857143,
106,6.142857143,
106,6.142857143,
106,6.142857143,
106,6.142857143,
106,6.142857143,
106,6.142857143,
106,6.142857143,
106,6.142857143,
106,6.142857143,
106,6.142857143,
106,6.142857143,
106,6.142857143,
106,6.142857143,
106,6.142857143,
106,6.142857143,
106,6.142857143,
106,6.142857143,
106,6.142857143,
106,6.142857143,
106,6.142857143,
106,6.142857143,
106,6.142857143,
106,6.142857143,
106,6.142857143,
106,6.142857143,
106,6.142857143,
107,4.4,
107,4.4,
107,4.4,
108,4.578947368,
108,4.578947368,
108,4.578947368,
108,4.578947368,
108,4.578947368,
108,4.578947368,
108,4.578947368,
108,4.578947368,
108,4.578947368,
108,4.578947368,
109,3.777777778,
109,3.777777778,
109,3.777777778,
109,3.777777778,
109,3.777777778,
109,3.777777778,
111,5.75,
111,5.75,
111,5.75,
111,5.75,
111,5.75,
112,3.928571429,
112,3.928571429,
112,3.928571429,
113,4.692307692,
113,4.692307692,
113,4.692307692,
113,4.692307692,
113,4.692307692,
113,4.692307692,
113,4.692307692,
113,4.692307692,
114,3.666666667,
114,3.666666667,
114,3.666666667,
114,3.666666667,
114,3.666666667,
115,3.636363636,
115,3.636363636,
115,3.636363636,
115,3.636363636,
117,4.285714286,
117,4.285714286,
117,4.285714286,
117,4.285714286,
118,5.25,
118,5.25,
118,5.25,
118,5.25,
118,5.25,
118,5.25,
118,5.25,
118,5.25,
118,5.25,
118,5.25,
118,5.25,
118,5.25,
118,5.25,
118,5.25,
118,5.25,
118,5.25,
118,5.25,
118,5.25,
118,5.25,
118,5.25,
118,5.25,
119,3.888888889,
119,3.888888889,
119,3.888888889,
119,3.888888889,
119,3.888888889,
119,3.888888889,
120,4.714285714,
120,4.714285714,
120,4.714285714,
120,4.714285714,
120,4.714285714,
120,4.714285714,
120,4.714285714,
120,4.714285714,
121,5.5625,
121,5.5625,
121,5.5625,
121,5.5625,
121,5.5625,
121,5.5625,
122,4.555555556,
122,4.555555556,
122,4.555555556,
122,4.555555556,
122,4.555555556,
122,4.555555556,
122,4.555555556,
122,4.555555556,
122,4.555555556,
122,4.555555556,
122,4.555555556,
122,4.555555556,
122,4.555555556,
122,4.555555556,
122,4.555555556,
122,4.555555556,
123,5.454545455,
123,5.454545455,
123,5.454545455,
123,5.454545455,
123,5.454545455,
123,5.454545455,
123,5.454545455,
124,6.454545455,
124,6.454545455,
124,6.454545455,
124,6.454545455,
124,6.454545455,
124,6.454545455,
124,6.454545455,
124,6.454545455,
124,6.454545455,
125,5.071428571,
125,5.071428571,
125,5.071428571,
125,5.071428571,
125,5.071428571,
125,5.071428571,
125,5.071428571,
125,5.071428571,
125,5.071428571,
125,5.071428571,
125,5.071428571,
128,3.636363636,
128,3.636363636,
128,3.636363636,
128,3.636363636,
128,3.636363636,
129,4.444444444,
129,4.444444444,
129,4.444444444,
129,4.444444444,
129,4.444444444,
129,4.444444444,
129,4.444444444,
129,4.444444444,
129,4.444444444,
129,4.444444444,
129,4.444444444,
129,4.444444444,
129,4.444444444,
129,4.444444444,
129,4.444444444,
129,4.444444444,
129,4.444444444,
130,5,
130,5,
130,5,
130,5,
130,5,
130,5,
130,5,
130,5,
130,5,
130,5,
130,5,
130,5,
130,5,
130,5,
130,5,
130,5,
130,5,
130,5,
130,5,
130,5,
130,5,
130,5,
131,4.666666667,
131,4.666666667,
131,4.666666667,
131,4.666666667,
131,4.666666667,
131,4.666666667,
131,4.666666667,
132,3.2,
132,3.2,
132,3.2,
132,3.2,
132,3.2,
132,3.2,
132,3.2,
133,5,
133,5,
133,5,
133,5,
134,4.363636364,
134,4.363636364,
134,4.363636364,
134,4.363636364,
134,4.363636364,
134,4.363636364,
134,4.363636364,
134,4.363636364,
135,5.285714286,
135,5.285714286,
135,5.285714286,
135,5.285714286,
135,5.285714286,
135,5.285714286,
135,5.285714286,
135,5.285714286,
136,5,
136,5,
136,5,
136,5,
136,5,
136,5,
136,5,
136,5,
137,5.125,
137,5.125,
137,5.125,
137,5.125,
137,5.125,
137,5.125,
137,5.125,
137,5.125,
137,5.125,
137,5.125,
139,2.333333333,
139,2.333333333,
139,2.333333333,
139,2.333333333,
139,2.333333333,
139,2.333333333,
139,2.333333333,
139,2.333333333,
139,2.333333333,
139,2.333333333,
139,2.333333333,
139,2.333333333,
139,2.333333333,
139,2.333333333,
140,3.125,
140,3.125,
140,3.125,
140,3.125,
140,3.125,
140,3.125,
140,3.125,
140,3.125,
141,2.375,
141,2.375,
141,2.375,
141,2.375,
141,2.375,
142,5.777777778,
142,5.777777778,
142,5.777777778,
142,5.777777778,
142,5.777777778,
142,5.777777778,
142,5.777777778,
142,5.777777778,
142,5.777777778,
142,5.777777778,
142,5.777777778,
142,5.777777778,
142,5.777777778,
142,5.777777778,
142,5.777777778,
142,5.777777778,
142,5.777777778,
142,5.777777778,
142,5.777777778,
143,4.181818182,
143,4.181818182,
143,4.181818182,
143,4.181818182,
143,4.181818182,
143,4.181818182,
143,4.181818182,
144,4,
144,4,
144,4,
144,4,
144,4,
144,4,
145,4.375,
145,4.375,
145,4.375,
145,4.375,
145,4.375,
145,4.375,
146,3.714285714,
146,3.714285714,
146,3.714285714,
146,3.714285714,
146,3.714285714,
147,3.181818182,
147,3.181818182,
147,3.181818182,
147,3.181818182,
147,3.181818182,
147,3.181818182,
148,3.875,
148,3.875,
148,3.875,
148,3.875,
148,3.875,
149,4,
149,4,
149,4,
149,4,
149,4,
149,4,
149,4,
149,4,
149,4,
149,4,
149,4,
149,4,
149,4,
149,4,
150,4,
150,4,
150,4,
150,4,
150,4,
150,4,
151,3.25,
151,3.25,
151,3.25,
151,3.25,
151,3.25,
151,3.25,
151,3.25,
151,3.25,
152,5.2,
152,5.2,
152,5.2,
152,5.2,
152,5.2,
152,5.2,
153,4.2,
153,4.2,
153,4.2,
153,4.2,
153,4.2,
154,3.272727273,
154,3.272727273,
154,3.272727273,
154,3.272727273,
154,3.272727273,
154,3.272727273,
154,3.272727273,
154,3.272727273,
154,3.272727273,
154,3.272727273,
154,3.272727273,
154,3.272727273,
154,3.272727273,
154,3.272727273,
154,3.272727273,
154,3.272727273,
154,3.272727273,
155,4.333333333,
156,2.882352941,
156,2.882352941,
156,2.882352941,
156,2.882352941,
157,3.454545455,
157,3.454545455,
157,3.454545455,
158,5.428571429,
158,5.428571429,
158,5.428571429,
158,5.428571429,
158,5.428571429,
158,5.428571429,
158,5.428571429,
159,2.333333333,
159,2.333333333,
159,2.333333333,
159,2.333333333,
159,2.333333333,
159,2.333333333,
160,4,
160,4,
160,4,
160,4,
160,4,
160,4,
160,4,
160,4,
160,4,
160,4,
160,4,
160,4,
160,4,
160,4,
160,4,
161,5.090909091,
161,5.090909091,
161,5.090909091,
162,4.071428571,
162,4.071428571,
162,4.071428571,
162,4.071428571,
162,4.071428571,
162,4.071428571,
162,4.071428571,
162,4.071428571,
162,4.071428571,
163,2.818181818,
163,2.818181818,
163,2.818181818,
163,2.818181818,
163,2.818181818,
164,5.4,
164,5.4,
164,5.4,
164,5.4,
164,5.4,
165,5.3,
165,5.3,
165,5.3,
165,5.3,
165,5.3,
165,5.3,
165,5.3,
165,5.3,
165,5.3,
165,5.3,
166,3.0625,
166,3.0625,
167,4.181818182,
167,4.181818182,
167,4.181818182,
167,4.181818182,
168,3.875,
168,3.875,
168,3.875,
169,4.333333333,
169,4.333333333,
169,4.333333333,
169,4.333333333,
169,4.333333333,
169,4.333333333,
169,4.333333333,
169,4.333333333,
169,4.333333333,
169,4.333333333,
169,4.333333333,
170,5.666666667,
170,5.666666667,
170,5.666666667,
170,5.666666667,
170,5.666666667,
170,5.666666667,
170,5.666666667,
170,5.666666667,
172,6.523809524,
172,6.523809524,
172,6.523809524,
172,6.523809524,
172,6.523809524,
172,6.523809524,
172,6.523809524,
172,6.523809524,
172,6.523809524,
172,6.523809524,
172,6.523809524,
172,6.523809524,
172,6.523809524,
172,6.523809524,
172,6.523809524,
172,6.523809524,
172,6.523809524,
172,6.523809524,
172,6.523809524,
172,6.523809524,
172,6.523809524,
172,6.523809524,
172,6.523809524,
172,6.523809524,
172,6.523809524,
172,6.523809524,
172,6.523809524,
172,6.523809524,
172,6.523809524,
172,6.523809524,
172,6.523809524,
172,6.523809524,
172,6.523809524,
172,6.523809524,
172,6.523809524,
172,6.523809524,
172,6.523809524,
172,6.523809524,
172,6.523809524,
172,6.523809524,
172,6.523809524,
172,6.523809524,
172,6.523809524,
172,6.523809524,
172,6.523809524,
172,6.523809524,
172,6.523809524,
172,6.523809524,
172,6.523809524,
172,6.523809524,
172,6.523809524,
172,6.523809524,
172,6.523809524,
172,6.523809524,
172,6.523809524,
172,6.523809524,
172,6.523809524,
172,6.523809524,
172,6.523809524,
172,6.523809524,
172,6.523809524,
172,6.523809524,
172,6.523809524,
172,6.523809524,
172,6.523809524,
172,6.523809524,
172,6.523809524,
172,6.523809524,
172,6.523809524,
172,6.523809524,
172,6.523809524,
172,6.523809524,
172,6.523809524,
172,6.523809524,
172,6.523809524,
173,4.461538462,
174,4.363636364,
174,4.363636364,
174,4.363636364,
174,4.363636364,
174,4.363636364,
174,4.363636364,
174,4.363636364,
175,4.315789474,
175,4.315789474,
176,3.764705882,
176,3.764705882,
176,3.764705882,
177,4,
177,4,
177,4,
177,4,
177,4,
177,4,
177,4,
178,4.928571429,
178,4.928571429,
178,4.928571429,
178,4.928571429,
179,3.916666667,
179,3.916666667,
179,3.916666667,
179,3.916666667,
180,3.5,
180,3.5,
180,3.5,
180,3.5,
181,5.818181818,
181,5.818181818,
181,5.818181818,
181,5.818181818,
181,5.818181818,
181,5.818181818,
182,6.428571429,
182,6.428571429,
182,6.428571429,
182,6.428571429,
182,6.428571429,
182,6.428571429,
182,6.428571429,
182,6.428571429,
182,6.428571429,
182,6.428571429,
182,6.428571429,
182,6.428571429,
182,6.428571429,
182,6.428571429,
182,6.428571429,
182,6.428571429,
182,6.428571429,
182,6.428571429,
182,6.428571429,
182,6.428571429,
182,6.428571429,
182,6.428571429,
182,6.428571429,
182,6.428571429,
182,6.428571429,
183,4.111111111,
183,4.111111111,
183,4.111111111,
183,4.111111111,
183,4.111111111,
183,4.111111111,
183,4.111111111,
183,4.111111111,
184,5,
184,5,
184,5,
184,5,
184,5,
184,5,
184,5,
184,5,
184,5,
184,5,
184,5,
184,5,
184,5,
185,5.071428571,
185,5.071428571,
185,5.071428571,
185,5.071428571,
185,5.071428571,
185,5.071428571,
185,5.071428571,
185,5.071428571,
185,5.071428571,
185,5.071428571,
185,5.071428571,
185,5.071428571,
186,5.428571429,
186,5.428571429,
186,5.428571429,
186,5.428571429,
186,5.428571429,
186,5.428571429,
186,5.428571429,
186,5.428571429,
187,3.428571429,
187,3.428571429,
187,3.428571429,
188,3.529411765,
188,3.529411765,
188,3.529411765,
188,3.529411765,
188,3.529411765,
188,3.529411765,
188,3.529411765,
188,3.529411765,
188,3.529411765,
188,3.529411765,
188,3.529411765,
188,3.529411765,
189,3,
189,3,
189,3,
189,3,
189,3,
189,3,
189,3,
190,3.285714286,
190,3.285714286,
190,3.285714286,
190,3.285714286,
190,3.285714286,
190,3.285714286,
190,3.285714286,
190,3.285714286,
191,4.111111111,
191,4.111111111,
191,4.111111111,
191,4.111111111,
191,4.111111111,
191,4.111111111,
191,4.111111111,
191,4.111111111,
191,4.111111111,
192,3.75,
192,3.75,
192,3.75,
192,3.75,
192,3.75,
192,3.75,
192,3.75,
193,4.692307692,
193,4.692307692,
193,4.692307692,
193,4.692307692,
193,4.692307692,
193,4.692307692,
194,2.375,
194,2.375,
194,2.375,
195,4.666666667,
195,4.666666667,
195,4.666666667,
195,4.666666667,
195,4.666666667,
196,4.666666667,
196,4.666666667,
196,4.666666667,
197,4.25,
197,4.25,
197,4.25,
197,4.25,
197,4.25,
198,5.8,
198,5.8,
198,5.8,
198,5.8,
198,5.8,
198,5.8,
199,4.777777778,
199,4.777777778,
199,4.777777778,
199,4.777777778,
199,4.777777778,
199,4.777777778,
199,4.777777778,
199,4.777777778,
199,4.777777778,
199,4.777777778,
199,4.777777778,
199,4.777777778,
199,4.777777778,
199,4.777777778,
199,4.777777778,
199,4.777777778,
200,4.846153846,
200,4.846153846,
200,4.846153846,
200,4.846153846,
200,4.846153846,
200,4.846153846,
200,4.846153846,
200,4.846153846,
200,4.846153846,
200,4.846153846,
200,4.846153846,
200,4.846153846,
200,4.846153846,
200,4.846153846,
200,4.846153846,
200,4.846153846,
200,4.846153846,
200,4.846153846,
200,4.846153846,
200,4.846153846,
200,4.846153846,
200,4.846153846,
200,4.846153846,
200,4.846153846,
200,4.846153846,
200,4.846153846,
200,4.846153846,
200,4.846153846,
200,4.846153846,
200,4.846153846,
200,4.846153846,
201,4.8,
201,4.8,
201,4.8,
201,4.8,
202,3.8,
202,3.8,
202,3.8,
202,3.8,
203,5.333333333,
203,5.333333333,
203,5.333333333,
203,5.333333333,
203,5.333333333,
203,5.333333333,
203,5.333333333,
203,5.333333333,
203,5.333333333,
203,5.333333333,
203,5.333333333,
203,5.333333333,
203,5.333333333,
204,2.846153846,
204,2.846153846,
204,2.846153846,
204,2.846153846,
204,2.846153846,
204,2.846153846,
205,4.545454545,
205,4.545454545,
205,4.545454545,
205,4.545454545,
206,4.4375,
206,4.4375,
206,4.4375,
207,4.333333333,
207,4.333333333,
207,4.333333333,
207,4.333333333,
207,4.333333333,
207,4.333333333,
207,4.333333333,
207,4.333333333,
207,4.333333333,
207,4.333333333,
207,4.333333333,
207,4.333333333,
207,4.333333333,
207,4.333333333,
207,4.333333333,
207,4.333333333,
207,4.333333333,
207,4.333333333,
207,4.333333333,
207,4.333333333,
207,4.333333333,
207,4.333333333,
207,4.333333333,
208,4.8,
208,4.8,
209,3.583333333,
209,3.583333333,
209,3.583333333,
210,4.833333333,
210,4.833333333,
210,4.833333333,
210,4.833333333,
210,4.833333333,
210,4.833333333,
211,4.625,
211,4.625,
211,4.625,
211,4.625,
211,4.625,
211,4.625,
211,4.625,
211,4.625,
211,4.625,
211,4.625,
211,4.625,
211,4.625,
211,4.625,
211,4.625,
211,4.625,
211,4.625,
211,4.625,
211,4.625,
211,4.625,
211,4.625,
211,4.625,
211,4.625,
211,4.625,
211,4.625,
212,4,
212,4,
212,4,
212,4,
213,3,
213,3,
213,3,
213,3,
213,3,
213,3,
213,3,
213,3,
214,3.25,
214,3.25,
214,3.25,
215,3.555555556,
215,3.555555556,
215,3.555555556,
215,3.555555556,
217,5.3125,
217,5.3125,
217,5.3125,
218,3.333333333,
218,3.333333333,
218,3.333333333,
218,3.333333333,
219,3.818181818,
219,3.818181818,
219,3.818181818,
219,3.818181818,
219,3.818181818,
219,3.818181818,
219,3.818181818,
219,3.818181818,
220,3,
220,3,
220,3,
220,3,
220,3,
220,3,
221,4.1,
221,4.1,
221,4.1,
222,3.454545455,
222,3.454545455,
222,3.454545455,
222,3.454545455,
222,3.454545455,
223,1.833333333,
223,1.833333333,
223,1.833333333,
223,1.833333333,
223,1.833333333,
223,1.833333333,
223,1.833333333,
223,1.833333333,
223,1.833333333,
223,1.833333333,
223,1.833333333,
223,1.833333333,
223,1.833333333,
223,1.833333333,
224,4.222222222,
224,4.222222222,
224,4.222222222,
224,4.222222222,
224,4.222222222,
224,4.222222222,
225,4.083333333,
226,5.066666667,
226,5.066666667,
226,5.066666667,
226,5.066666667,
226,5.066666667,
226,5.066666667,
227,4.733333333,
227,4.733333333,
227,4.733333333,
228,6,
228,6,
228,6,
228,6,
228,6,
228,6,
228,6,
228,6,
228,6,
228,6,
228,6,
228,6,
228,6,
228,6,
228,6,
228,6,
228,6,
228,6,
228,6,
228,6,
228,6,
228,6,
228,6,
228,6,
228,6,
228,6,
228,6,
228,6,
228,6,
228,6,
228,6,
228,6,
228,6,
228,6,
228,6,
228,6,
228,6,
228,6,
228,6,
228,6,
228,6,
228,6,
229,3,
229,3,
229,3,
229,3,
230,6.5,
230,6.5,
230,6.5,
230,6.5,
230,6.5,
230,6.5,
230,6.5,
230,6.5,
230,6.5,
230,6.5,
230,6.5,
230,6.5,
230,6.5,
230,6.5,
230,6.5,
230,6.5,
230,6.5,
231,5.818181818,
231,5.818181818,
231,5.818181818,
231,5.818181818,
231,5.818181818,
231,5.818181818,
231,5.818181818,
231,5.818181818,
231,5.818181818,
231,5.818181818,
231,5.818181818,
231,5.818181818,
231,5.818181818,
231,5.818181818,
231,5.818181818,
231,5.818181818,
231,5.818181818,
231,5.818181818,
231,5.818181818,
231,5.818181818,
231,5.818181818,
231,5.818181818,
231,5.818181818,
231,5.818181818,
231,5.818181818,
233,3.9,
233,3.9,
233,3.9,
233,3.9,
233,3.9,
233,3.9,
233,3.9,
233,3.9,
233,3.9,
233,3.9,
233,3.9,
234,4.076923077,
234,4.076923077,
234,4.076923077,
234,4.076923077,
234,4.076923077,
234,4.076923077,
234,4.076923077,
234,4.076923077,
234,4.076923077,
234,4.076923077,
235,7.125,
235,7.125,
235,7.125,
235,7.125,
235,7.125,
235,7.125,
235,7.125,
235,7.125,
235,7.125,
235,7.125,
235,7.125,
235,7.125,
235,7.125,
235,7.125,
235,7.125,
235,7.125,
235,7.125,
235,7.125,
235,7.125,
235,7.125,
236,2.555555556,
236,2.555555556,
236,2.555555556,
236,2.555555556,
236,2.555555556,
237,4.384615385,
237,4.384615385,
237,4.384615385,
237,4.384615385,
237,4.384615385,
237,4.384615385,
237,4.384615385,
238,3.125,
238,3.125,
238,3.125,
238,3.125,
238,3.125,
238,3.125,
239,3.111111111,
239,3.111111111,
240,4.714285714,
240,4.714285714,
240,4.714285714,
241,4.923076923,
241,4.923076923,
241,4.923076923,
241,4.923076923,
241,4.923076923,
241,4.923076923,
241,4.923076923,
241,4.923076923,
242,6.5,
243,5,
243,5,
244,4.571428571,
244,4.571428571,
244,4.571428571,
244,4.571428571,
244,4.571428571,
244,4.571428571,
244,4.571428571,
245,4.75,
245,4.75,
245,4.75,
245,4.75,
245,4.75,
247,4.25,
247,4.25,
247,4.25,
247,4.25,
247,4.25,
247,4.25,
247,4.25,
248,4.571428571,
248,4.571428571,
248,4.571428571,
248,4.571428571,
248,4.571428571,
249,4.090909091,
249,4.090909091,
249,4.090909091,
249,4.090909091,
249,4.090909091,
249,4.090909091,
249,4.090909091,
249,4.090909091,
249,4.090909091,
249,4.090909091,
249,4.090909091,
249,4.090909091,
249,4.090909091,
249,4.090909091,
249,4.090909091,
249,4.090909091,
249,4.090909091,
249,4.090909091,
249,4.090909091,
249,4.090909091,
250,5.75,
250,5.75,
250,5.75,
250,5.75,
250,5.75,
250,5.75,
250,5.75,
250,5.75,
250,5.75,
250,5.75,
250,5.75,
250,5.75,
250,5.75,
250,5.75,
250,5.75,
250,5.75,
250,5.75,
250,5.75,
251,4.363636364,
251,4.363636364,
251,4.363636364,
251,4.363636364,
251,4.363636364,
251,4.363636364,
252,4.125,
252,4.125,
252,4.125,
252,4.125,
252,4.125,
252,4.125,
252,4.125,
252,4.125,
252,4.125,
252,4.125,
252,4.125,
252,4.125,
253,5,
253,5,
253,5,
253,5,
253,5,
254,4,
254,4,
254,4,
254,4,
254,4,
255,4.444444444,
255,4.444444444,
255,4.444444444,
255,4.444444444,
255,4.444444444,
257,4.5,
257,4.5,
257,4.5,
257,4.5,
257,4.5,
258,4.285714286,
258,4.285714286,
258,4.285714286,
258,4.285714286,
258,4.285714286,
258,4.285714286,
258,4.285714286,
258,4.285714286,
258,4.285714286,
258,4.285714286,
258,4.285714286,
258,4.285714286,
258,4.285714286,
258,4.285714286,
258,4.285714286,
258,4.285714286,
258,4.285714286,
258,4.285714286,
258,4.285714286,
258,4.285714286,
258,4.285714286,
258,4.285714286,
258,4.285714286,
258,4.285714286,
258,4.285714286,
258,4.285714286,
258,4.285714286,
258,4.285714286,
258,4.285714286,
258,4.285714286,
258,4.285714286,
258,4.285714286,
258,4.285714286,
258,4.285714286,
258,4.285714286,
258,4.285714286,
259,2.25,
259,2.25,
259,2.25,
259,2.25,
260,4.818181818,
260,4.818181818,
260,4.818181818,
260,4.818181818,
260,4.818181818,
260,4.818181818,
260,4.818181818,
260,4.818181818,
261,4.222222222,
261,4.222222222,
261,4.222222222,
261,4.222222222,
261,4.222222222,
261,4.222222222,
262,5,
262,5,
262,5,
262,5,
262,5,
262,5,
263,5.416666667,
263,5.416666667,
263,5.416666667,
263,5.416666667,
264,3.333333333,
264,3.333333333,
264,3.333333333,
264,3.333333333,
264,3.333333333,
264,3.333333333,
264,3.333333333,
264,3.333333333,
265,5.25,
265,5.25,
265,5.25,
265,5.25,
265,5.25,
265,5.25,
265,5.25,
265,5.25,
265,5.25,
265,5.25,
265,5.25,
265,5.25,
265,5.25,
265,5.25,
265,5.25,
265,5.25,
265,5.25,
265,5.25,
265,5.25,
265,5.25,
265,5.25,
265,5.25,
265,5.25,
265,5.25,
265,5.25,
265,5.25,
265,5.25,
265,5.25,
265,5.25,
265,5.25,
265,5.25,
265,5.25,
265,5.25,
266,5.538461538,
266,5.538461538,
267,3.888888889,
267,3.888888889,
267,3.888888889,
267,3.888888889,
267,3.888888889,
267,3.888888889,
267,3.888888889,
267,3.888888889,
267,3.888888889,
267,3.888888889,
267,3.888888889,
267,3.888888889,
267,3.888888889,
267,3.888888889,
267,3.888888889,
267,3.888888889,
267,3.888888889,
267,3.888888889,
267,3.888888889,
267,3.888888889,
267,3.888888889,
267,3.888888889,
267,3.888888889,
268,5.25,
268,5.25,
268,5.25,
268,5.25,
268,5.25,
268,5.25,
268,5.25,
268,5.25,
268,5.25,
268,5.25,
268,5.25,
268,5.25,
268,5.25,
268,5.25,
268,5.25,
268,5.25,
268,5.25,
268,5.25,
268,5.25,
268,5.25,
268,5.25,
268,5.25,
268,5.25,
268,5.25,
268,5.25,
268,5.25,
268,5.25,
268,5.25,
268,5.25,
268,5.25,
268,5.25,
268,5.25,
268,5.25,
268,5.25,
268,5.25,
268,5.25,
268,5.25,
268,5.25,
268,5.25,
268,5.25,
268,5.25,
268,5.25,
268,5.25,
268,5.25,
268,5.25,
268,5.25,
268,5.25,
268,5.25,
268,5.25,
268,5.25,
268,5.25,
268,5.25,
268,5.25,
268,5.25,
268,5.25,
268,5.25,
268,5.25,
268,5.25,
268,5.25,
268,5.25,
269,7.0625,
269,7.0625,
269,7.0625,
269,7.0625,
269,7.0625,
269,7.0625,
269,7.0625,
269,7.0625,
269,7.0625,
269,7.0625,
269,7.0625,
269,7.0625,
269,7.0625,
269,7.0625,
269,7.0625,
269,7.0625,
269,7.0625,
269,7.0625,
269,7.0625,
269,7.0625,
269,7.0625,
269,7.0625,
269,7.0625,
269,7.0625,
269,7.0625,
269,7.0625,
269,7.0625,
269,7.0625,
269,7.0625,
269,7.0625,
269,7.0625,
269,7.0625,
269,7.0625,
269,7.0625,
269,7.0625,
269,7.0625,
269,7.0625,
269,7.0625,
269,7.0625,
269,7.0625,
269,7.0625,
269,7.0625,
269,7.0625,
269,7.0625,
269,7.0625,
269,7.0625,
269,7.0625,
269,7.0625,
269,7.0625,
269,7.0625,
270,6,
270,6,
270,6,
270,6,
270,6,
270,6,
270,6,
270,6,
270,6,
270,6,
270,6,
270,6,
270,6,
270,6,
270,6,
270,6,
270,6,
270,6,
270,6,
270,6,
270,6,
270,6,
270,6,
270,6,
270,6,
270,6,
270,6,
270,6,
270,6,
271,5.5,
271,5.5,
273,3,
274,5.3,
274,5.3,
274,5.3,
274,5.3,
274,5.3,
274,5.3,
274,5.3,
274,5.3,
274,5.3,
275,4.133333333,
275,4.133333333,
275,4.133333333,
275,4.133333333,
275,4.133333333,
275,4.133333333,
276,6.333333333,
276,6.333333333,
276,6.333333333,
276,6.333333333,
276,6.333333333,
276,6.333333333,
276,6.333333333,
277,4.333333333,
277,4.333333333,
277,4.333333333,
277,4.333333333,
277,4.333333333,
277,4.333333333,
278,4.416666667,
278,4.416666667,
278,4.416666667,
278,4.416666667,
278,4.416666667,
278,4.416666667,
278,4.416666667,
278,4.416666667,
278,4.416666667,
278,4.416666667,
278,4.416666667,
278,4.416666667,
278,4.416666667,
278,4.416666667,
278,4.416666667,
278,4.416666667,
278,4.416666667,
278,4.416666667,
278,4.416666667,
278,4.416666667,
278,4.416666667,
278,4.416666667,
278,4.416666667,
278,4.416666667,
278,4.416666667,
278,4.416666667,
278,4.416666667,
278,4.416666667,
278,4.416666667,
278,4.416666667,
278,4.416666667,
279,2.727272727,
279,2.727272727,
279,2.727272727,
279,2.727272727,
279,2.727272727,
279,2.727272727,
280,4,
280,4,
280,4,
281,4.75,
281,4.75,
281,4.75,
281,4.75,
281,4.75,
281,4.75,
281,4.75,
281,4.75,
282,5.6,
282,5.6,
282,5.6,
282,5.6,
282,5.6,
283,5,
283,5,
283,5,
283,5,
284,3.636363636,
284,3.636363636,
284,3.636363636,
284,3.636363636,
286,5.9,
286,5.9,
286,5.9,
286,5.9,
286,5.9,
286,5.9,
286,5.9,
286,5.9,
286,5.9,
286,5.9,
286,5.9,
286,5.9,
286,5.9,
286,5.9,
286,5.9,
286,5.9,
286,5.9,
286,5.9,
286,5.9,
286,5.9,
286,5.9,
286,5.9,
286,5.9,
286,5.9,
286,5.9,
286,5.9,
286,5.9,
286,5.9,
286,5.9,
286,5.9,
286,5.9,
286,5.9,
286,5.9,
286,5.9,
286,5.9,
286,5.9,
286,5.9,
286,5.9,
286,5.9,
286,5.9,
286,5.9,
286,5.9,
286,5.9,
286,5.9,
286,5.9,
286,5.9,
286,5.9,
286,5.9,
286,5.9,
286,5.9,
286,5.9,
286,5.9,
286,5.9,
287,4.466666667,
287,4.466666667,
287,4.466666667,
287,4.466666667,
287,4.466666667,
287,4.466666667,
287,4.466666667,
287,4.466666667,
287,4.466666667,
287,4.466666667,
287,4.466666667,
289,3.933333333,
289,3.933333333,
289,3.933333333,
289,3.933333333,
289,3.933333333,
289,3.933333333,
289,3.933333333,
289,3.933333333,
289,3.933333333,
289,3.933333333,
289,3.933333333,
290,4.5,
290,4.5,
290,4.5,
290,4.5,
291,4.6,
291,4.6,
291,4.6,
291,4.6,
291,4.6,
291,4.6,
291,4.6,
291,4.6,
292,4.285714286,
292,4.285714286,
292,4.285714286,
292,4.285714286,
293,3.636363636,
293,3.636363636,
294,4.923076923,
294,4.923076923,
294,4.923076923,
294,4.923076923,
294,4.923076923,
294,4.923076923,
294,4.923076923,
294,4.923076923,
295,4.166666667,
295,4.166666667,
295,4.166666667,
295,4.166666667,
295,4.166666667,
295,4.166666667,
295,4.166666667,
297,5.7,
297,5.7,
297,5.7,
297,5.7,
297,5.7,
298,6.4,
298,6.4,
298,6.4,
298,6.4,
298,6.4,
298,6.4,
298,6.4,
298,6.4,
298,6.4,
298,6.4,
298,6.4,
298,6.4,
298,6.4,
298,6.4,
298,6.4,
298,6.4,
298,6.4,
298,6.4,
298,6.4,
298,6.4,
298,6.4,
298,6.4,
298,6.4,
299,6.363636364,
299,6.363636364,
299,6.363636364,
299,6.363636364,
299,6.363636364,
299,6.363636364,
299,6.363636364,
299,6.363636364,
299,6.363636364,
299,6.363636364,
299,6.363636364,
299,6.363636364,
299,6.363636364,
299,6.363636364,
299,6.363636364,
299,6.363636364,
299,6.363636364,
299,6.363636364,
299,6.363636364,
299,6.363636364,
299,6.363636364,
299,6.363636364,
299,6.363636364,
299,6.363636364,
299,6.363636364,
299,6.363636364,
299,6.363636364,
299,6.363636364,
299,6.363636364,
299,6.363636364,
299,6.363636364,
299,6.363636364,
299,6.363636364,
299,6.363636364,
299,6.363636364,
299,6.363636364,
299,6.363636364,
299,6.363636364,
299,6.363636364,
299,6.363636364,
299,6.363636364,
299,6.363636364,
299,6.363636364,
299,6.363636364,
299,6.363636364,
299,6.363636364,
299,6.363636364,
299,6.363636364,
299,6.363636364,
299,6.363636364,
299,6.363636364,
299,6.363636364,
299,6.363636364,
299,6.363636364,
299,6.363636364,
299,6.363636364,
299,6.363636364,
299,6.363636364,
299,6.363636364,
299,6.363636364,
299,6.363636364,
300,2.8,
300,2.8,
300,2.8,
300,2.8,
300,2.8,
302,6.454545455,
302,6.454545455,
302,6.454545455,
302,6.454545455,
302,6.454545455,
302,6.454545455,
302,6.454545455,
302,6.454545455,
302,6.454545455,
302,6.454545455,
302,6.454545455,
302,6.454545455,
302,6.454545455,
302,6.454545455,
302,6.454545455,
302,6.454545455,
302,6.454545455,
302,6.454545455,
302,6.454545455,
302,6.454545455,
302,6.454545455,
302,6.454545455,
302,6.454545455,
302,6.454545455,
302,6.454545455,
302,6.454545455,
302,6.454545455,
302,6.454545455,
302,6.454545455,
302,6.454545455,
302,6.454545455,
303,3.5,
303,3.5,
303,3.5,
304,2.888888889,
304,2.888888889,
304,2.888888889,
304,2.888888889,
304,2.888888889,
304,2.888888889,
305,4,
305,4,
305,4,
305,4,
305,4,
305,4,
306,5.090909091,
306,5.090909091,
306,5.090909091,
306,5.090909091,
306,5.090909091,
306,5.090909091,
306,5.090909091,
306,5.090909091,
306,5.090909091,
306,5.090909091,
306,5.090909091,
306,5.090909091,
307,2.125,
307,2.125,
307,2.125,
307,2.125,
310,5.3125,
310,5.3125,
310,5.3125,
311,2.928571429,
311,2.928571429,
311,2.928571429,
312,2.727272727,
312,2.727272727,
312,2.727272727,
312,2.727272727,
312,2.727272727,
313,3,
313,3,
313,3,
313,3,
313,3,
314,2.25,
314,2.25,
314,2.25,
314,2.25,
314,2.25,
315,3.375,
315,3.375,
315,3.375,
315,3.375,
315,3.375,
315,3.375,
315,3.375,
315,3.375,
315,3.375,
315,3.375,
316,5.833333333,
316,5.833333333,
316,5.833333333,
317,4.583333333,
317,4.583333333,
317,4.583333333,
317,4.583333333,
317,4.583333333,
317,4.583333333,
317,4.583333333,
317,4.583333333,
318,3.05,
318,3.05,
318,3.05,
318,3.05,
318,3.05,
318,3.05,
318,3.05,
318,3.05,
318,3.05,
319,3.818181818,
319,3.818181818,
319,3.818181818,
319,3.818181818,
319,3.818181818,
319,3.818181818,
319,3.818181818,
319,3.818181818,
319,3.818181818,
319,3.818181818,
319,3.818181818,
319,3.818181818,
320,5.5,
320,5.5,
320,5.5,
320,5.5,
320,5.5,
320,5.5,
320,5.5,
320,5.5,
320,5.5,
320,5.5,
321,4.636363636,
321,4.636363636,
321,4.636363636,
321,4.636363636,
322,4.294117647,
322,4.294117647,
322,4.294117647,
322,4.294117647,
322,4.294117647,
322,4.294117647,
322,4.294117647,
322,4.294117647,
322,4.294117647,
322,4.294117647,
322,4.294117647,
322,4.294117647,
322,4.294117647,
322,4.294117647,
322,4.294117647,
323,2.272727273,
323,2.272727273,
323,2.272727273,
323,2.272727273,
323,2.272727273,
323,2.272727273,
323,2.272727273,
324,3.75,
324,3.75,
324,3.75,
324,3.75,
324,3.75,
326,4,
326,4,
326,4,
326,4,
326,4,
326,4,
326,4,
326,4,
326,4,
326,4,
326,4,
326,4,
326,4,
326,4,
326,4,
326,4,
326,4,
326,4,
326,4,
326,4,
327,3.4,
328,4.615384615,
328,4.615384615,
328,4.615384615,
328,4.615384615,
328,4.615384615,
328,4.615384615,
328,4.615384615,
328,4.615384615,
328,4.615384615,
328,4.615384615,
328,4.615384615,
328,4.615384615,
328,4.615384615,
328,4.615384615,
328,4.615384615,
328,4.615384615,
328,4.615384615,
328,4.615384615,
328,4.615384615,
328,4.615384615,
328,4.615384615,
328,4.615384615,
328,4.615384615,
328,4.615384615,
328,4.615384615,
328,4.615384615,
329,4.916666667,
329,4.916666667,
329,4.916666667,
329,4.916666667,
329,4.916666667,
329,4.916666667,
329,4.916666667,
329,4.916666667,
329,4.916666667,
329,4.916666667,
329,4.916666667,
329,4.916666667,
329,4.916666667,
329,4.916666667,
329,4.916666667,
329,4.916666667,
329,4.916666667,
329,4.916666667,
329,4.916666667,
329,4.916666667,
329,4.916666667,
329,4.916666667,
329,4.916666667,
329,4.916666667,
329,4.916666667,
329,4.916666667,
329,4.916666667,
329,4.916666667,
329,4.916666667,
329,4.916666667,
329,4.916666667,
329,4.916666667,
329,4.916666667,
329,4.916666667,
329,4.916666667,
329,4.916666667,
329,4.916666667,
329,4.916666667,
329,4.916666667,
329,4.916666667,
329,4.916666667,
329,4.916666667,
329,4.916666667,
329,4.916666667,
329,4.916666667,
329,4.916666667,
329,4.916666667,
329,4.916666667,
329,4.916666667,
330,4.888888889,
330,4.888888889,
330,4.888888889,
330,4.888888889,
330,4.888888889,
330,4.888888889,
330,4.888888889,
330,4.888888889,
331,5.642857143,
331,5.642857143,
331,5.642857143,
331,5.642857143,
331,5.642857143,
331,5.642857143,
331,5.642857143,
331,5.642857143,
332,3.666666667,
332,3.666666667,
332,3.666666667,
332,3.666666667,
332,3.666666667,
332,3.666666667,
332,3.666666667,
332,3.666666667,
332,3.666666667,
332,3.666666667,
332,3.666666667,
333,3.666666667,
334,5.909090909,
334,5.909090909,
334,5.909090909,
334,5.909090909,
334,5.909090909,
334,5.909090909,
334,5.909090909,
334,5.909090909,
334,5.909090909,
334,5.909090909,
334,5.909090909,
334,5.909090909,
334,5.909090909,
334,5.909090909,
334,5.909090909,
334,5.909090909,
334,5.909090909,
334,5.909090909,
334,5.909090909,
334,5.909090909,
334,5.909090909,
334,5.909090909,
334,5.909090909,
334,5.909090909,
334,5.909090909,
334,5.909090909,
334,5.909090909,
334,5.909090909,
334,5.909090909,
334,5.909090909,
335,6.888888889,
335,6.888888889,
335,6.888888889,
335,6.888888889,
335,6.888888889,
335,6.888888889,
335,6.888888889,
335,6.888888889,
335,6.888888889,
335,6.888888889,
335,6.888888889,
335,6.888888889,
335,6.888888889,
335,6.888888889,
335,6.888888889,
335,6.888888889,
335,6.888888889,
335,6.888888889,
335,6.888888889,
335,6.888888889,
336,5.333333333,
336,5.333333333,
336,5.333333333,
336,5.333333333,
336,5.333333333,
336,5.333333333,
336,5.333333333,
336,5.333333333,
336,5.333333333,
336,5.333333333,
336,5.333333333,
336,5.333333333,
336,5.333333333,
336,5.333333333,
337,6.384615385,
337,6.384615385,
337,6.384615385,
337,6.384615385,
337,6.384615385,
337,6.384615385,
337,6.384615385,
337,6.384615385,
337,6.384615385,
337,6.384615385,
338,5.125,
338,5.125,
338,5.125,
338,5.125,
338,5.125,
338,5.125,
338,5.125,
338,5.125,
339,6.846153846,
339,6.846153846,
339,6.846153846,
339,6.846153846,
339,6.846153846,
339,6.846153846,
339,6.846153846,
339,6.846153846,
339,6.846153846,
339,6.846153846,
339,6.846153846,
339,6.846153846,
339,6.846153846,
339,6.846153846,
339,6.846153846,
339,6.846153846,
339,6.846153846,
339,6.846153846,
339,6.846153846,
339,6.846153846,
339,6.846153846,
339,6.846153846,
339,6.846153846,
339,6.846153846,
339,6.846153846,
339,6.846153846,
339,6.846153846,
339,6.846153846,
339,6.846153846,
339,6.846153846,
339,6.846153846,
339,6.846153846,
339,6.846153846,
339,6.846153846,
339,6.846153846,
339,6.846153846,
339,6.846153846,
339,6.846153846,
339,6.846153846,
339,6.846153846,
339,6.846153846,
339,6.846153846,
339,6.846153846,
339,6.846153846,
339,6.846153846,
339,6.846153846,
339,6.846153846,
339,6.846153846,
340,5.2,
340,5.2,
340,5.2,
340,5.2,
340,5.2,
340,5.2,
340,5.2,
340,5.2,
341,6.454545455,
341,6.454545455,
341,6.454545455,
341,6.454545455,
341,6.454545455,
341,6.454545455,
341,6.454545455,
341,6.454545455,
341,6.454545455,
341,6.454545455,
341,6.454545455,
341,6.454545455,
341,6.454545455,
341,6.454545455,
341,6.454545455,
341,6.454545455,
341,6.454545455,
341,6.454545455,
341,6.454545455,
341,6.454545455,
341,6.454545455,
341,6.454545455,
341,6.454545455,
341,6.454545455,
341,6.454545455,
341,6.454545455,
341,6.454545455,
341,6.454545455,
341,6.454545455,
341,6.454545455,
341,6.454545455,
341,6.454545455,
341,6.454545455,
341,6.454545455,
341,6.454545455,
341,6.454545455,
341,6.454545455,
341,6.454545455,
341,6.454545455,
341,6.454545455,
341,6.454545455,
341,6.454545455,
341,6.454545455,
341,6.454545455,
341,6.454545455,
341,6.454545455,
342,6.272727273,
342,6.272727273,
342,6.272727273,
342,6.272727273,
342,6.272727273,
342,6.272727273,
342,6.272727273,
342,6.272727273,
342,6.272727273,
342,6.272727273,
342,6.272727273,
342,6.272727273,
342,6.272727273,
342,6.272727273,
342,6.272727273,
342,6.272727273,
342,6.272727273,
342,6.272727273,
342,6.272727273,
342,6.272727273,
342,6.272727273,
342,6.272727273,
343,5.818181818,
343,5.818181818,
343,5.818181818,
343,5.818181818,
343,5.818181818,
343,5.818181818,
343,5.818181818,
343,5.818181818,
343,5.818181818,
343,5.818181818,
343,5.818181818,
343,5.818181818,
343,5.818181818,
343,5.818181818,
343,5.818181818,
343,5.818181818,
343,5.818181818,
343,5.818181818,
344,5.416666667,
344,5.416666667,
345,5.615384615,
345,5.615384615,
345,5.615384615,
345,5.615384615,
346,5.7,
346,5.7,
346,5.7,
346,5.7,
346,5.7,
346,5.7,
346,5.7,
346,5.7,
346,5.7,
346,5.7,
346,5.7,
346,5.7,
346,5.7,
347,6.25,
347,6.25,
347,6.25,
347,6.25,
347,6.25,
347,6.25,
347,6.25,
347,6.25,
347,6.25,
347,6.25,
347,6.25,
347,6.25,
347,6.25,
348,3.285714286,
348,3.285714286,
348,3.285714286,
348,3.285714286,
348,3.285714286,
348,3.285714286,
348,3.285714286,
348,3.285714286,
349,4.3,
349,4.3,
349,4.3,
349,4.3,
349,4.3,
349,4.3,
349,4.3,
349,4.3,
349,4.3,
349,4.3,
349,4.3,
w0,5.714285714,
w0,5.714285714,
w0,5.714285714,
w0,5.714285714,
w0,5.714285714,
w0,5.714285714,
w0,5.714285714,
w0,5.714285714,
w0,5.714285714,
w0,5.714285714,
w0,5.714285714,
w0,5.714285714,
w0,5.714285714,
w0,5.714285714,
w0,5.714285714,
w0,5.714285714,
w0,5.714285714,
w0,5.714285714,
w0,5.714285714,
w0,5.714285714,
w0,5.714285714,
w0,5.714285714,
w0,5.714285714,
w0,5.714285714,
w0,5.714285714,
w0,5.714285714,
w0,5.714285714,
w0,5.714285714,
w0,5.714285714,
w0,5.714285714,
w1,5.888888889,
w1,5.888888889,
w1,5.888888889,
w1,5.888888889,
w1,5.888888889,
w1,5.888888889,
w1,5.888888889,
w1,5.888888889,
w1,5.888888889,
w1,5.888888889,
w1,5.888888889,
w1,5.888888889,
w1,5.888888889,
w1,5.888888889,
w1,5.888888889,
w1,5.888888889,
w1,5.888888889,
w1,5.888888889,
w1,5.888888889,
w1,5.888888889,
w1,5.888888889,
w1,5.888888889,
w1,5.888888889,
w1,5.888888889,
w10,3.4,
w10,3.4,
w10,3.4,
w11,5.25,
w11,5.25,
w11,5.25,
w11,5.25,
w11,5.25,
w11,5.25,
w11,5.25,
w11,5.25,
w14,6.833333333,
w14,6.833333333,
w14,6.833333333,
w14,6.833333333,
w14,6.833333333,
w14,6.833333333,
w15,5.142857143,
w16,5.25,
w16,5.25,
w16,5.25,
w16,5.25,
w16,5.25,
w17,5.333333333,
w17,5.333333333,
w17,5.333333333,
w17,5.333333333,
w18,6.363636364,
w18,6.363636364,
w18,6.363636364,
w18,6.363636364,
w18,6.363636364,
w18,6.363636364,
w18,6.363636364,
w18,6.363636364,
w18,6.363636364,
w18,6.363636364,
w18,6.363636364,
w18,6.363636364,
w18,6.363636364,
w18,6.363636364,
w18,6.363636364,
w18,6.363636364,
w18,6.363636364,
w18,6.363636364,
w18,6.363636364,
w18,6.363636364,
w18,6.363636364,
w18,6.363636364,
w18,6.363636364,
w18,6.363636364,
w18,6.363636364,
w18,6.363636364,
w18,6.363636364,
w18,6.363636364,
w18,6.363636364,
w18,6.363636364,
w18,6.363636364,
w18,6.363636364,
w18,6.363636364,
w19,4.333333333,
w19,4.333333333,
w19,4.333333333,
w19,4.333333333,
w19,4.333333333,
w19,4.333333333,
w19,4.333333333,
w2,7.5,
w2,7.5,
w2,7.5,
w2,7.5,
w2,7.5,
w2,7.5,
w2,7.5,
w2,7.5,
w2,7.5,
w2,7.5,
w2,7.5,
w2,7.5,
w2,7.5,
w2,7.5,
w2,7.5,
w2,7.5,
w2,7.5,
w2,7.5,
w2,7.5,
w4,4.7,
w4,4.7,
w4,4.7,
w4,4.7,
w4,4.7,
w4,4.7,
w4,4.7,
w5,6.333333333,
w5,6.333333333,
w5,6.333333333,
w5,6.333333333,
w5,6.333333333,
w5,6.333333333,
w5,6.333333333,
w5,6.333333333,
w8,4.882352941,
w8,4.882352941,
w9,7.166666667,
w9,7.166666667,
w9,7.166666667,
w9,7.166666667,
w9,7.166666667,
w9,7.166666667,
w9,7.166666667,
w9,7.166666667,
w9,7.166666667,
w9,7.166666667,
w9,7.166666667,
w9,7.166666667,
w9,7.166666667,
w9,7.166666667,
w9,7.166666667,
w9,7.166666667,
w9,7.166666667,
w9,7.166666667,
w9,7.166666667,
w9,7.166666667,
w9,7.166666667,
w9,7.166666667,
w9,7.166666667,
w9,7.166666667,
w9,7.166666667,
w9,7.166666667,
w9,7.166666667,
w9,7.166666667,
w9,7.166666667,
w9,7.166666667,
w9,7.166666667,
w9,7.166666667,
w9,7.166666667,
w9,7.166666667,
w9,7.166666667,
w9,7.166666667,
w9,7.166666667,
w9,7.166666667,
w9,7.166666667,
w9,7.166666667,
w9,7.166666667,
w9,7.166666667,
w9,7.166666667,
w9,7.166666667,
w9,7.166666667,
w9,7.166666667,
w9,7.166666667,
w9,7.166666667,
w9,7.166666667,
w9,7.166666667,
w9,7.166666667,
w9,7.166666667,
w9,7.166666667,
w9,7.166666667,
w9,7.166666667,
w9,7.166666667,
w9,7.166666667,
w9,7.166666667,
w9,7.166666667,
w9,7.166666667,
w9,7.166666667,
w9,7.166666667,
w9,7.166666667,
w9,7.166666667,
w9,7.166666667,
w9,7.166666667,
w9,7.166666667,
w9,7.166666667,
w9,7.166666667,
w9,7.166666667,
w9,7.166666667,
w9,7.166666667,
w9,7.166666667,
w9,7.166666667,
w9,7.166666667,
w9,7.166666667,
w9,7.166666667,
w9,7.166666667,
w9,7.166666667,
w9,7.166666667,
w9,7.166666667,
w9,7.166666667,
w9,7.166666667,
w9,7.166666667,
w9,7.166666667,
w9,7.166666667,
